"Date","Price","Open","High","Low","Vol.","Change %"
"12/11/2023","7,440.04","7,547.07","7,547.07","7,436.40","928.60M","-1.42%"
"12/10/2023","7,547.07","7,681.96","7,783.17","7,547.07","819.59M","-1.76%"
"12/07/2023","7,681.96","7,753.97","7,756.46","7,499.23","801.16M","-0.93%"
"12/06/2023","7,753.97","7,866.20","7,952.97","7,750.59","888.83M","-1.43%"
"12/05/2023","7,866.20","7,840.25","7,918.46","7,840.25","1.13B","0.33%"
"12/04/2023","7,840.25","7,686.25","7,840.25","7,686.25","1.07B","2.00%"
"12/03/2023","7,686.25","7,645.91","7,722.00","7,645.91","961.67M","0.53%"
"11/30/2023","7,645.91","7,533.13","7,648.38","7,533.13","1.17B","1.50%"
"11/29/2023","7,533.13","7,544.12","7,621.16","7,509.22","1.30B","-0.15%"
"11/28/2023","7,544.12","7,540.25","7,601.73","7,506.40","1.31B","0.05%"
"11/27/2023","7,540.25","7,466.08","7,556.30","7,466.08","1.39B","0.99%"
"11/26/2023","7,466.08","7,444.05","7,522.33","7,444.05","1.49B","0.30%"
"11/23/2023","7,444.05","7,378.34","7,471.46","7,378.34","1.15B","0.89%"
"11/22/2023","7,378.34","7,244.41","7,382.07","7,244.41","1.28B","1.85%"
"11/21/2023","7,244.41","7,155.99","7,246.63","7,144.55","1.34B","1.24%"
"11/20/2023","7,155.99","7,236.43","7,286.47","7,152.74","786.78M","-1.11%"
"11/19/2023","7,236.43","7,159.64","7,273.43","7,159.64","798.16M","1.07%"
"11/16/2023","7,159.64","7,081.51","7,179.87","7,081.51","840.92M","1.10%"
"11/15/2023","7,081.51","7,027.64","7,114.63","7,027.64","1.02B","0.77%"
"11/14/2023","7,027.64","7,020.85","7,098.85","7,013.64","1.01B","0.10%"
"11/13/2023","7,020.85","6,960.46","7,041.69","6,944.98","1.03B","0.87%"
"11/12/2023","6,960.46","6,908.99","7,010.66","6,908.99","1.04B","0.74%"
"11/09/2023","6,908.99","6,901.29","6,991.30","6,860.96","981.89M","0.11%"
"11/08/2023","6,901.29","6,850.49","6,951.02","6,850.49","851.31M","0.74%"
"11/07/2023","6,850.49","6,755.04","6,858.23","6,755.04","1.02B","1.41%"
"11/06/2023","6,755.04","6,726.34","6,784.58","6,726.34","968.66M","0.43%"
"11/05/2023","6,726.34","6,581.32","6,726.34","6,581.32","1.01B","2.20%"
"11/02/2023","6,581.32","6,444.99","6,585.54","6,444.99","729.04M","2.12%"
"11/01/2023","6,444.99","6,476.59","6,546.35","6,362.34","637.07M","-0.49%"
"10/31/2023","6,476.59","6,663.55","6,691.78","6,476.59","813.32M","-2.81%"
"10/30/2023","6,663.55","6,638.01","6,704.78","6,638.01","1.05B","0.38%"
"10/29/2023","6,638.01","6,578.50","6,670.63","6,578.50","1.05B","0.90%"
"10/26/2023","6,578.50","6,555.21","6,641.33","6,510.69","922.04M","0.36%"
"10/25/2023","6,555.21","6,324.69","6,561.04","6,324.69","971.54M","3.64%"
"10/24/2023","6,324.69","6,296.02","6,400.00","6,204.54","687.83M","0.46%"
"10/23/2023","6,296.02","6,154.78","6,313.90","6,154.78","708.91M","2.29%"
"10/22/2023","6,154.78","5,945.97","6,155.73","5,945.97","516.43M","3.51%"
"10/19/2023","5,945.97","5,946.33","6,021.96","5,941.78","619.76M","-0.01%"
"10/18/2023","5,946.33","5,949.99","5,988.47","5,922.45","595.24M","-0.06%"
"10/17/2023","5,949.99","5,778.65","5,956.08","5,778.65","695.28M","2.97%"
"10/16/2023","5,778.65","5,645.02","5,799.17","5,645.02","593.53M","2.37%"
"10/15/2023","5,645.02","5,551.88","5,665.07","5,551.88","444.10M","1.68%"
"10/12/2023","5,551.88","5,491.41","5,555.78","5,491.41","398.91M","1.10%"
"10/11/2023","5,491.41","5,464.15","5,512.29","5,464.15","488.90M","0.50%"
"10/10/2023","5,464.15","5,369.86","5,466.36","5,369.36","393.12M","1.76%"
"10/09/2023","5,369.86","5,340.71","5,370.93","5,330.32","354.07M","0.55%"
"10/08/2023","5,340.71","5,546.54","5,546.54","5,209.75","578.55M","-3.71%"
"10/04/2023","5,546.54","5,501.66","5,546.54","5,487.57","356.03M","0.82%"
"10/03/2023","5,501.66","5,572.06","5,584.39","5,500.48","397.66M","-1.26%"
"10/02/2023","5,572.06","5,640.02","5,658.17","5,502.21","507.81M","-1.20%"
"10/01/2023","5,640.02","5,643.20","5,673.51","5,635.53","373.56M","-0.06%"
"09/27/2023","5,643.20","5,667.91","5,689.14","5,618.27","577.92M","-0.44%"
"09/26/2023","5,667.91","5,688.05","5,732.89","5,667.91","527.22M","-0.35%"
"09/25/2023","5,688.05","5,680.91","5,708.42","5,680.91","533.11M","0.13%"
"09/24/2023","5,680.91","5,675.19","5,721.81","5,675.19","445.49M","0.10%"
"09/21/2023","5,675.19","5,623.93","5,677.36","5,607.22","533.72M","0.91%"
"09/20/2023","5,623.93","5,718.18","5,762.57","5,618.95","693.46M","-1.65%"
"09/19/2023","5,718.18","5,724.02","5,771.21","5,716.71","684.99M","-0.10%"
"09/18/2023","5,724.02","5,682.36","5,733.38","5,682.36","778.10M","0.73%"
"09/17/2023","5,682.36","5,649.37","5,715.55","5,649.37","595.91M","0.58%"
"09/14/2023","5,649.37","5,608.69","5,664.65","5,608.69","433.15M","0.73%"
"09/13/2023","5,608.69","5,558.09","5,608.69","5,558.09","314.63M","0.91%"
"09/12/2023","5,558.09","5,584.09","5,605.45","5,554.99","333.96M","-0.47%"
"09/11/2023","5,584.09","5,643.19","5,652.78","5,584.09","471.13M","-1.05%"
"09/10/2023","5,643.19","5,613.60","5,664.54","5,613.60","487.48M","0.53%"
"09/07/2023","5,613.60","5,585.70","5,617.86","5,585.69","396.57M","0.50%"
"09/06/2023","5,585.70","5,619.70","5,652.25","5,581.50","632.13M","-0.61%"
"09/05/2023","5,619.70","5,603.89","5,658.04","5,603.89","547.54M","0.28%"
"09/04/2023","5,603.89","5,566.59","5,621.90","5,566.59","485.91M","0.67%"
"09/03/2023","5,566.59","5,597.80","5,638.20","5,566.59","670.85M","-0.56%"
"08/31/2023","5,597.80","5,585.53","5,615.98","5,579.83","734.50M","0.22%"
"08/30/2023","5,585.53","5,569.38","5,612.94","5,569.38","674.22M","0.29%"
"08/29/2023","5,569.38","5,517.56","5,585.80","5,517.56","571.19M","0.94%"
"08/28/2023","5,517.56","5,505.36","5,551.29","5,505.36","578.82M","0.22%"
"08/27/2023","5,505.36","5,443.64","5,525.42","5,443.64","433.50M","1.13%"
"08/24/2023","5,443.64","5,413.93","5,450.22","5,393.63","475.98M","0.55%"
"08/23/2023","5,413.93","5,464.06","5,498.31","5,413.13","597.13M","-0.92%"
"08/22/2023","5,464.06","5,399.36","5,464.06","5,399.36","580.86M","1.20%"
"08/21/2023","5,399.36","5,369.99","5,405.92","5,369.99","543.31M","0.55%"
"08/20/2023","5,369.99","5,353.76","5,395.31","5,353.76","380.52M","0.30%"
"08/17/2023","5,353.76","5,364.33","5,390.52","5,336.82","455.92M","-0.20%"
"08/16/2023","5,364.33","5,367.55","5,419.02","5,358.17","704.61M","-0.06%"
"08/15/2023","5,367.55","5,360.82","5,391.59","5,360.82","581.37M","0.13%"
"08/14/2023","5,360.82","5,324.93","5,392.54","5,324.93","653.27M","0.67%"
"08/13/2023","5,324.93","5,287.10","5,326.94","5,287.10","487.60M","0.72%"
"08/10/2023","5,287.10","5,311.28","5,325.39","5,286.88","514.54M","-0.46%"
"08/09/2023","5,311.28","5,306.79","5,348.51","5,304.89","643.76M","0.08%"
"08/08/2023","5,306.79","5,320.95","5,353.26","5,306.79","783.63M","-0.27%"
"08/07/2023","5,320.95","5,274.18","5,320.95","5,274.18","656.33M","0.89%"
"08/06/2023","5,274.18","5,196.85","5,275.94","5,196.85","553.86M","1.49%"
"08/03/2023","5,196.85","5,171.70","5,198.00","5,170.90","584.49M","0.49%"
"08/02/2023","5,171.70","5,216.72","5,242.88","5,171.70","1.05B","-0.86%"
"08/01/2023","5,216.72","5,217.86","5,243.17","5,211.63","642.60M","-0.02%"
"07/31/2023","5,217.86","5,192.37","5,228.21","5,192.37","439.20M","0.49%"
"07/30/2023","5,192.37","5,171.05","5,235.40","5,169.75","587.97M","0.41%"
"07/27/2023","5,171.05","5,114.60","5,200.47","5,060.50","791.40M","1.10%"
"07/26/2023","5,114.60","5,051.53","5,189.03","4,994.19","267.18M","1.25%"
"07/25/2023","5,051.53","5,111.27","5,147.41","5,051.53","283.92M","-1.17%"
"07/24/2023","5,111.27","5,185.97","5,198.45","5,108.88","222.91M","-1.44%"
"07/19/2023","5,185.97","5,130.50","5,234.64","5,130.50","515.32M","1.08%"
"07/18/2023","5,130.50","5,112.06","5,144.32","5,110.95","274.77M","0.36%"
"07/17/2023","5,112.06","5,082.74","5,113.52","5,056.37","282.19M","0.58%"
"07/16/2023","5,082.74","5,084.40","5,121.49","5,076.94","258.66M","-0.03%"
"07/13/2023","5,084.40","5,034.37","5,096.93","5,034.37","348.99M","0.99%"
"07/12/2023","5,034.37","5,053.93","5,101.31","5,032.14","330.49M","-0.39%"
"07/11/2023","5,053.93","5,009.00","5,077.84","5,009.00","345.09M","0.90%"
"07/10/2023","5,009.00","4,818.04","5,009.00","4,799.17","298.38M","3.96%"
"07/09/2023","4,818.04","5,146.38","5,151.45","4,818.04","433.29M","-6.38%"
"07/06/2023","5,146.38","5,267.05","5,296.49","5,140.97","424.62M","-2.29%"
"07/05/2023","5,267.05","5,219.07","5,274.36","5,219.07","332.95M","0.92%"
"07/04/2023","5,219.07","5,242.31","5,281.46","5,209.14","290.88M","-0.44%"
"06/26/2023","5,242.31","5,174.62","5,242.31","5,174.62","335.90M","1.31%"
"06/25/2023","5,174.62","5,219.64","5,254.06","5,173.46","439.61M","-0.86%"
"06/22/2023","5,219.64","5,241.09","5,271.72","5,167.22","378.49M","-0.41%"
"06/21/2023","5,241.09","5,351.80","5,406.88","5,241.09","448.63M","-2.07%"
"06/20/2023","5,351.80","5,274.09","5,382.09","5,263.03","460.58M","1.47%"
"06/19/2023","5,274.09","5,280.69","5,356.65","5,254.61","711.70M","-0.12%"
"06/18/2023","5,280.69","5,163.21","5,280.69","5,163.21","692.60M","2.28%"
"06/15/2023","5,163.21","5,206.10","5,222.44","5,150.22","467.32M","-0.82%"
"06/14/2023","5,206.10","5,244.51","5,309.47","5,195.20","507.94M","-0.73%"
"06/13/2023","5,244.51","5,277.96","5,326.90","5,214.68","615.26M","-0.63%"
"06/12/2023","5,277.96","5,334.04","5,379.79","5,274.23","258.14M","-1.05%"
"06/11/2023","5,334.04","5,333.34","5,411.48","5,318.76","573.59M","0.01%"
"06/08/2023","5,333.34","5,317.64","5,449.70","5,267.53","593.66M","0.30%"
"06/07/2023","5,317.64","5,221.40","5,400.52","5,221.40","952.32M","1.84%"
"06/06/2023","5,221.40","5,113.41","5,230.90","5,113.41","871.01M","2.11%"
"06/05/2023","5,113.41","5,048.91","5,165.44","5,048.91","1.05B","1.28%"
"06/04/2023","5,048.91","4,927.76","5,077.10","4,927.76","930.98M","2.46%"
"06/01/2023","4,927.76","4,875.07","4,951.49","4,875.07","647.73M","1.08%"
"05/31/2023","4,875.07","4,899.03","4,945.50","4,875.07","701.03M","-0.49%"
"05/30/2023","4,899.03","4,844.50","4,900.40","4,844.50","764.82M","1.13%"
"05/29/2023","4,844.50","4,788.42","4,845.19","4,777.03","741.96M","1.17%"
"05/28/2023","4,788.42","4,665.57","4,788.42","4,665.57","671.42M","2.63%"
"05/25/2023","4,665.57","4,649.94","4,673.92","4,649.94","428.06M","0.34%"
"05/24/2023","4,649.94","4,609.12","4,660.68","4,609.12","627.81M","0.89%"
"05/23/2023","4,609.12","4,544.49","4,609.12","4,536.48","708.74M","1.42%"
"05/22/2023","4,544.49","4,545.22","4,601.84","4,540.43","555.06M","-0.02%"
"05/21/2023","4,545.22","4,497.03","4,550.38","4,497.03","370.22M","1.07%"
"05/18/2023","4,497.03","4,503.60","4,511.59","4,443.65","312.32M","-0.15%"
"05/17/2023","4,503.60","4,580.57","4,610.61","4,503.60","404.58M","-1.68%"
"05/16/2023","4,580.57","4,607.44","4,608.34","4,550.27","416.43M","-0.58%"
"05/15/2023","4,607.44","4,695.86","4,721.45","4,607.44","432.20M","-1.88%"
"05/14/2023","4,695.86","4,641.43","4,695.86","4,640.77","405.60M","1.17%"
"05/11/2023","4,641.43","4,640.18","4,670.41","4,630.35","509.09M","0.03%"
"05/10/2023","4,640.18","4,597.73","4,640.18","4,574.66","461.44M","0.92%"
"05/09/2023","4,597.73","4,641.30","4,682.21","4,597.73","546.28M","-0.94%"
"05/08/2023","4,641.30","4,524.68","4,641.30","4,524.68","493.47M","2.58%"
"05/07/2023","4,524.68","4,521.82","4,529.88","4,480.74","302.39M","0.06%"
"05/03/2023","4,521.82","4,525.31","4,551.19","4,506.30","329.17M","-0.08%"
"05/02/2023","4,525.31","4,540.75","4,562.22","4,507.60","264.83M","-0.34%"
"05/01/2023","4,540.75","4,631.84","4,654.37","4,534.23","392.14M","-1.97%"
"04/30/2023","4,631.84","4,674.54","4,752.04","4,626.79","622.37M","-0.91%"
"04/27/2023","4,674.54","4,578.64","4,676.02","4,578.64","500.70M","2.09%"
"04/26/2023","4,578.64","4,549.74","4,580.76","4,543.64","350.29M","0.64%"
"04/19/2023","4,549.74","4,524.54","4,568.16","4,524.54","326.12M","0.56%"
"04/18/2023","4,524.54","4,485.55","4,528.32","4,476.72","298.75M","0.87%"
"04/13/2023","4,485.55","4,466.56","4,495.55","4,464.86","274.65M","0.43%"
"04/12/2023","4,466.56","4,496.86","4,502.85","4,466.56","303.01M","-0.67%"
"04/11/2023","4,496.86","4,436.50","4,496.86","4,436.50","338.44M","1.36%"
"04/10/2023","4,436.50","4,408.61","4,439.60","4,408.61","396.69M","0.63%"
"04/09/2023","4,408.61","4,420.09","4,442.41","4,399.95","319.19M","-0.26%"
"04/06/2023","4,420.09","4,444.41","4,471.21","4,411.99","321.25M","-0.55%"
"04/05/2023","4,444.41","4,447.88","4,486.98","4,439.35","425.19M","-0.08%"
"04/04/2023","4,447.88","4,388.85","4,447.88","4,388.77","509.81M","1.34%"
"04/03/2023","4,388.85","4,301.27","4,388.85","4,301.27","439.64M","2.04%"
"04/02/2023","4,301.27","4,232.39","4,301.27","4,232.03","198.35M","1.63%"
"03/30/2023","4,232.39","4,279.10","4,306.76","4,230.74","331.93M","-1.09%"
"03/29/2023","4,279.10","4,197.26","4,283.00","4,197.26","351.29M","1.95%"
"03/28/2023","4,197.26","4,184.29","4,207.78","4,138.71","280.94M","0.31%"
"03/27/2023","4,184.29","4,217.17","4,249.86","4,179.14","352.31M","-0.78%"
"03/26/2023","4,217.17","4,106.21","4,217.74","4,106.21","356.47M","2.70%"
"03/23/2023","4,106.21","4,040.24","4,106.21","4,032.03","212.71M","1.63%"
"03/22/2023","4,040.24","4,096.24","4,126.02","4,040.24","401.11M","-1.37%"
"03/21/2023","4,096.24","3,975.21","4,096.24","3,975.21","368.47M","3.04%"
"03/20/2023","3,975.21","3,844.63","3,993.66","3,844.63","395.24M","3.40%"
"03/19/2023","3,844.63","3,814.41","3,844.94","3,750.81","311.00M","0.79%"
"03/16/2023","3,814.41","3,811.88","3,840.56","3,676.31","653.72M","0.07%"
"03/15/2023","3,811.88","4,127.28","4,192.69","3,811.88","545.44M","-7.64%"
"03/14/2023","4,127.28","4,075.75","4,128.60","4,041.51","304.38M","1.26%"
"03/13/2023","4,075.75","4,347.69","4,377.44","4,063.28","454.08M","-6.25%"
"03/12/2023","4,347.69","4,493.59","4,496.28","4,347.69","338.88M","-3.25%"
"03/09/2023","4,493.59","4,437.63","4,493.59","4,437.63","88.38M","1.26%"
"03/08/2023","4,437.63","4,447.98","4,469.55","4,409.26","309.58M","-0.23%"
"03/07/2023","4,447.98","4,534.84","4,563.46","4,446.29","360.00M","-1.92%"
"03/06/2023","4,534.84","4,534.28","4,581.28","4,534.28","494.12M","0.01%"
"03/05/2023","4,534.28","4,534.76","4,553.71","4,516.21","322.88M","-0.01%"
"03/02/2023","4,534.76","4,546.04","4,568.71","4,530.73","387.48M","-0.25%"
"03/01/2023","4,546.04","4,495.14","4,546.48","4,495.14","539.90M","1.13%"
"02/28/2023","4,495.14","4,491.15","4,507.10","4,477.92","435.74M","0.09%"
"02/27/2023","4,491.15","4,500.30","4,532.47","4,490.79","386.01M","-0.20%"
"02/26/2023","4,500.30","4,436.86","4,510.87","4,436.86","285.86M","1.43%"
"02/23/2023","4,436.86","4,387.47","4,436.86","4,372.92","300.20M","1.13%"
"02/22/2023","4,387.47","4,462.94","4,482.25","4,381.88","336.74M","-1.69%"
"02/21/2023","4,462.94","4,409.99","4,462.94","4,397.61","337.00M","1.20%"
"02/20/2023","4,409.99","4,504.80","4,529.11","4,405.54","369.49M","-2.10%"
"02/19/2023","4,504.80","4,514.90","4,551.10","4,504.80","381.72M","-0.22%"
"02/16/2023","4,514.90","4,523.49","4,558.10","4,510.95","410.43M","-0.19%"
"02/15/2023","4,523.49","4,478.08","4,534.03","4,478.08","473.97M","1.01%"
"02/14/2023","4,478.08","4,393.31","4,478.08","4,393.31","495.50M","1.93%"
"02/13/2023","4,393.31","4,377.25","4,411.20","4,375.42","409.31M","0.37%"
"02/12/2023","4,377.25","4,365.31","4,407.44","4,354.18","369.89M","0.27%"
"02/09/2023","4,365.31","4,277.88","4,365.31","4,275.86","361.72M","2.04%"
"02/08/2023","4,277.88","4,308.69","4,336.99","4,277.01","425.08M","-0.72%"
"02/07/2023","4,308.69","4,208.51","4,308.69","4,208.51","389.26M","2.38%"
"02/06/2023","4,208.51","4,170.73","4,239.60","4,170.73","318.80M","0.91%"
"02/05/2023","4,170.73","4,259.93","4,265.49","4,092.06","369.15M","-2.09%"
"02/02/2023","4,259.93","4,336.32","4,370.29","4,257.49","369.15M","-1.76%"
"02/01/2023","4,336.32","4,337.77","4,359.13","4,282.69","311.87M","-0.03%"
"01/31/2023","4,337.77","4,469.66","4,481.59","4,336.73","414.33M","-2.95%"
"01/30/2023","4,469.66","4,601.45","4,628.91","4,469.66","570.31M","-2.86%"
"01/29/2023","4,601.45","4,534.20","4,603.61","4,534.20","474.22M","1.48%"
"01/25/2023","4,534.20","4,457.84","4,534.20","4,457.84","422.44M","1.71%"
"01/24/2023","4,457.84","4,454.06","4,477.60","4,443.20","413.54M","0.08%"
"01/23/2023","4,454.06","4,489.79","4,510.58","4,452.23","617.12M","-0.80%"
"01/22/2023","4,489.79","4,459.75","4,536.90","4,459.75","605.62M","0.67%"
"01/19/2023","4,459.75","4,428.96","4,489.37","4,428.96","776.43M","0.70%"
"01/18/2023","4,428.96","4,431.88","4,494.56","4,425.12","792.92M","-0.07%"
"01/17/2023","4,431.88","4,356.33","4,443.30","4,356.33","580.86M","1.73%"
"01/16/2023","4,356.33","4,274.54","4,373.81","4,274.54","494.53M","1.91%"
"01/15/2023","4,274.54","4,234.81","4,291.85","4,234.81","368.84M","0.94%"
"01/12/2023","4,234.81","4,227.86","4,267.24","4,196.07","487.70M","0.16%"
"01/11/2023","4,227.86","4,213.72","4,359.56","4,211.25","761.71M","0.34%"
"01/10/2023","4,213.72","4,331.06","4,334.86","4,213.72","597.33M","-2.71%"
"01/09/2023","4,331.06","4,368.39","4,417.18","4,328.75","876.58M","-0.85%"
"01/05/2023","4,368.39","4,339.43","4,398.85","4,339.43","856.92M","0.67%"
"01/04/2023","4,339.43","4,326.04","4,354.63","4,176.06","1.14B","0.31%"
"01/03/2023","4,326.04","4,259.19","4,341.23","4,259.19","1.15B","1.57%"
"01/02/2023","4,259.19","4,145.50","4,259.19","4,145.50","649.44M","2.74%"
"12/29/2022","4,145.50","4,130.88","4,163.46","4,130.88","796.73M","0.35%"
"12/28/2022","4,130.88","4,087.14","4,131.00","4,087.14","444.58M","1.07%"
"12/27/2022","4,087.14","4,075.56","4,121.43","4,075.56","399.15M","0.28%"
"12/26/2022","4,075.56","3,995.69","4,075.56","3,995.69","324.28M","2.00%"
"12/25/2022","3,995.69","4,075.21","4,075.21","3,995.69","411.53M","-1.95%"
"12/22/2022","4,075.21","4,122.09","4,164.37","4,071.48","523.72M","-1.14%"
"12/21/2022","4,122.09","4,137.93","4,155.10","4,110.52","577.92M","-0.38%"
"12/20/2022","4,137.93","4,160.04","4,193.22","4,137.93","703.03M","-0.53%"
"12/19/2022","4,160.04","4,167.52","4,187.32","4,115.95","798.75M","-0.18%"
"12/18/2022","4,167.52","4,214.35","4,232.66","4,167.19","795.86M","-1.11%"
"12/15/2022","4,214.35","4,247.39","4,328.83","4,206.75","1.49B","-0.78%"
"12/14/2022","4,247.39","4,179.01","4,261.92","4,179.01","1.18B","1.64%"
"12/13/2022","4,179.01","4,041.27","4,179.01","4,041.27","1.19B","3.41%"
"12/12/2022","4,041.27","4,023.11","4,041.81","3,971.06","716.13M","0.45%"
"12/11/2022","4,023.11","4,019.92","4,089.38","4,019.92","755.38M","0.08%"
"12/08/2022","4,019.92","3,986.88","4,043.03","3,983.83","804.05M","0.83%"
"12/07/2022","3,986.88","3,931.56","4,029.74","3,931.56","1.00B","1.41%"
"12/06/2022","3,931.56","3,898.14","3,934.61","3,874.02","717.75M","0.86%"
"12/05/2022","3,898.14","3,900.89","3,948.53","3,890.77","1.01B","-0.07%"
"12/04/2022","3,900.89","3,809.87","3,901.21","3,809.87","666.53M","2.39%"
"12/01/2022","3,809.87","3,740.62","3,809.87","3,740.62","604.42M","1.85%"
"11/30/2022","3,740.62","3,744.49","3,777.10","3,722.87","950.84M","-0.10%"
"11/29/2022","3,744.49","3,686.32","3,750.07","3,686.32","574.82M","1.58%"
"11/28/2022","3,686.32","3,695.42","3,717.68","3,681.17","526.38M","-0.25%"
"11/27/2022","3,695.42","3,637.34","3,703.94","3,637.34","659.07M","1.60%"
"11/24/2022","3,637.34","3,517.42","3,637.34","3,517.42","507.64M","3.41%"
"11/23/2022","3,517.42","3,503.47","3,534.60","3,502.75","473.97M","0.40%"
"11/22/2022","3,503.47","3,484.04","3,503.75","3,475.00","351.86M","0.56%"
"11/21/2022","3,484.04","3,502.23","3,513.61","3,474.82","432.51M","-0.52%"
"11/20/2022","3,502.23","3,482.65","3,525.28","3,482.65","418.99M","0.56%"
"11/17/2022","3,482.65","3,450.50","3,486.44","3,450.50","555.71M","0.93%"
"11/16/2022","3,450.50","3,363.04","3,450.60","3,363.04","654.57M","2.60%"
"11/15/2022","3,363.04","3,347.80","3,367.63","3,347.80","403.44M","0.46%"
"11/14/2022","3,347.80","3,340.16","3,347.80","3,325.24","519.32M","0.23%"
"11/13/2022","3,340.16","3,275.29","3,340.16","3,275.29","383.70M","1.98%"
"11/10/2022","3,275.29","3,232.57","3,277.24","3,228.38","277.38M","1.32%"
"11/09/2022","3,232.57","3,241.56","3,256.43","3,218.72","287.09M","-0.28%"
"11/08/2022","3,241.56","3,260.17","3,297.88","3,239.39","388.37M","-0.57%"
"11/07/2022","3,260.17","3,226.08","3,262.50","3,226.08","299.56M","1.06%"
"11/06/2022","3,226.08","3,226.13","3,241.00","3,222.77","189.13M","0.00%"
"11/03/2022","3,226.13","3,242.78","3,253.92","3,222.07","227.13M","-0.51%"
"11/02/2022","3,242.78","3,286.64","3,297.35","3,242.73","361.76M","-1.33%"
"11/01/2022","3,286.64","3,275.37","3,298.74","3,273.11","403.10M","0.34%"
"10/31/2022","3,275.37","3,236.84","3,275.37","3,226.70","506.84M","1.19%"
"10/30/2022","3,236.84","3,243.92","3,285.57","3,233.18","432.24M","-0.22%"
"10/27/2022","3,243.92","3,196.04","3,287.46","3,196.04","577.87M","1.50%"
"10/26/2022","3,196.04","3,169.99","3,206.76","3,169.99","294.57M","0.82%"
"10/25/2022","3,169.99","3,178.45","3,186.59","3,159.99","309.00M","-0.27%"
"10/24/2022","3,178.45","3,196.30","3,218.93","3,178.45","474.11M","-0.56%"
"10/23/2022","3,196.30","3,180.58","3,216.51","3,180.58","308.45M","0.49%"
"10/20/2022","3,180.58","3,154.22","3,186.76","3,154.22","438.25M","0.84%"
"10/19/2022","3,154.22","3,165.71","3,192.79","3,151.08","354.69M","-0.36%"
"10/18/2022","3,165.71","3,147.33","3,175.90","3,146.25","444.82M","0.58%"
"10/17/2022","3,147.33","3,125.71","3,152.42","3,125.71","438.59M","0.69%"
"10/16/2022","3,125.71","3,077.69","3,138.29","3,077.69","409.61M","1.56%"
"10/13/2022","3,077.69","3,041.48","3,077.69","3,040.86","259.55M","1.19%"
"10/12/2022","3,041.48","3,083.24","3,087.47","3,040.36","344.13M","-1.35%"
"10/11/2022","3,083.24","3,123.80","3,129.63","3,079.01","319.24M","-1.30%"
"10/10/2022","3,123.80","3,122.20","3,146.85","3,113.58","322.15M","0.05%"
"10/09/2022","3,122.20","3,156.68","3,156.68","3,117.48","302.54M","-1.09%"
"10/05/2022","3,156.68","3,167.66","3,177.13","3,154.39","319.54M","-0.35%"
"10/04/2022","3,167.66","3,115.95","3,172.49","3,115.95","409.20M","1.66%"
"10/03/2022","3,115.95","3,140.50","3,152.04","3,110.89","364.96M","-0.78%"
"10/02/2022","3,140.50","3,188.24","3,192.03","3,140.50","410.20M","-1.50%"
"09/29/2022","3,188.24","3,172.06","3,197.21","3,172.06","431.97M","0.51%"
"09/28/2022","3,172.06","3,206.41","3,216.28","3,170.99","354.20M","-1.07%"
"09/27/2022","3,206.41","3,176.32","3,219.06","3,176.32","416.79M","0.95%"
"09/26/2022","3,176.32","3,140.14","3,187.22","3,140.14","408.79M","1.15%"
"09/25/2022","3,140.14","3,127.17","3,149.79","3,127.17","325.17M","0.41%"
"09/22/2022","3,127.17","3,122.76","3,139.61","3,100.35","333.98M","0.14%"
"09/21/2022","3,122.76","3,140.70","3,158.94","3,122.76","323.62M","-0.57%"
"09/20/2022","3,140.70","3,109.03","3,140.70","3,086.34","374.58M","1.02%"
"09/19/2022","3,109.03","3,036.90","3,109.03","3,004.65","367.44M","2.38%"
"09/18/2022","3,036.90","3,223.36","3,237.01","3,023.28","622.31M","-5.78%"
"09/15/2022","3,223.36","3,239.37","3,261.61","3,223.36","397.44M","-0.49%"
"09/14/2022","3,239.37","3,289.22","3,289.22","3,232.58","487.37M","-1.52%"
"09/13/2022","3,289.22","3,279.61","3,301.68","3,278.32","574.60M","0.29%"
"09/12/2022","3,279.61","3,276.18","3,300.48","3,276.18","697.80M","0.10%"
"09/11/2022","3,276.18","3,256.17","3,295.71","3,256.17","500.43M","0.61%"
"09/08/2022","3,256.17","3,239.35","3,267.18","3,235.46","500.22M","0.52%"
"09/07/2022","3,239.35","3,260.74","3,278.86","3,237.46","801.02M","-0.66%"
"09/06/2022","3,260.74","3,204.13","3,262.43","3,204.13","916.60M","1.77%"
"09/05/2022","3,204.13","3,138.72","3,204.13","3,138.72","866.42M","2.08%"
"09/04/2022","3,138.72","3,107.69","3,141.41","3,090.05","405.75M","1.00%"
"09/01/2022","3,107.69","3,153.07","3,159.26","3,099.52","589.95M","-1.44%"
"08/31/2022","3,153.07","3,174.36","3,190.01","3,153.07","835.28M","-0.67%"
"08/30/2022","3,174.36","3,163.51","3,184.86","3,158.86","756.73M","0.34%"
"08/29/2022","3,163.51","3,183.17","3,224.23","3,161.95","860.95M","-0.62%"
"08/28/2022","3,183.17","3,171.80","3,192.01","3,167.90","665.09M","0.36%"
"08/25/2022","3,171.80","3,102.33","3,172.38","3,102.33","572.64M","2.24%"
"08/24/2022","3,102.33","3,130.63","3,158.75","3,101.92","613.37M","-0.90%"
"08/23/2022","3,130.63","3,148.12","3,175.95","3,130.63","772.16M","-0.56%"
"08/22/2022","3,148.12","3,152.72","3,172.50","3,136.49","789.95M","-0.15%"
"08/21/2022","3,152.72","3,093.89","3,152.73","3,093.89","493.18M","1.90%"
"08/18/2022","3,093.89","3,095.22","3,114.61","3,092.32","673.83M","-0.04%"
"08/17/2022","3,095.22","3,064.97","3,104.52","3,064.97","754.42M","0.99%"
"08/16/2022","3,064.97","3,048.91","3,094.17","3,048.91","605.50M","0.53%"
"08/15/2022","3,048.91","3,056.56","3,085.35","3,041.20","780.54M","-0.25%"
"08/14/2022","3,056.56","2,983.32","3,068.68","2,983.32","904.34M","2.45%"
"08/11/2022","2,983.32","2,932.22","2,983.32","2,932.22","507.11M","1.74%"
"08/10/2022","2,932.22","2,917.63","2,960.50","2,916.91","402.29M","0.50%"
"08/09/2022","2,917.63","2,938.00","2,972.24","2,917.63","478.24M","-0.69%"
"08/08/2022","2,938.00","2,923.75","2,985.04","2,923.75","746.61M","0.49%"
"08/07/2022","2,923.75","2,835.89","2,924.26","2,835.89","787.76M","3.10%"
"08/04/2022","2,835.89","2,748.41","2,835.89","2,748.41","585.17M","3.18%"
"08/03/2022","2,748.41","2,725.84","2,757.12","2,725.84","383.83M","0.83%"
"08/02/2022","2,725.84","2,699.70","2,725.84","2,698.49","298.66M","0.97%"
"08/01/2022","2,699.70","2,734.85","2,753.88","2,699.23","381.95M","-1.29%"
"07/31/2022","2,734.85","2,707.97","2,744.28","2,707.97","221.22M","0.99%"
"07/28/2022","2,707.97","2,686.17","2,707.97","2,682.11","212.54M","0.81%"
"07/27/2022","2,686.17","2,704.43","2,723.08","2,686.17","331.28M","-0.68%"
"07/26/2022","2,704.43","2,672.39","2,722.59","2,668.51","504.86M","1.20%"
"07/25/2022","2,672.39","2,664.44","2,674.11","2,663.83","283.17M","0.30%"
"07/24/2022","2,664.44","2,642.11","2,671.41","2,642.11","312.78M","0.85%"
"07/21/2022","2,642.11","2,580.07","2,642.31","2,580.07","403.22M","2.40%"
"07/20/2022","2,580.07","2,559.92","2,582.48","2,559.92","376.69M","0.79%"
"07/19/2022","2,559.92","2,527.09","2,559.92","2,523.84","337.24M","1.30%"
"07/18/2022","2,527.09","2,484.65","2,527.09","2,484.65","305.16M","1.71%"
"07/17/2022","2,484.65","2,484.55","2,485.05","2,477.34","157.88M","0.00%"
"07/07/2022","2,484.55","2,454.66","2,491.70","2,454.20","259.41M","1.22%"
"07/06/2022","2,454.66","2,442.86","2,454.66","2,435.37","202.33M","0.48%"
"07/05/2022","2,442.86","2,435.59","2,464.72","2,435.59","260.81M","0.30%"
"07/04/2022","2,435.59","2,507.97","2,510.27","2,435.59","221.92M","-2.89%"
"07/03/2022","2,507.97","2,547.67","2,550.66","2,506.13","170.88M","-1.56%"
"06/29/2022","2,547.67","2,529.22","2,554.26","2,529.22","161.00M","0.73%"
"06/28/2022","2,529.22","2,566.82","2,568.53","2,503.23","245.61M","-1.46%"
"06/27/2022","2,566.82","2,627.08","2,628.67","2,566.82","203.22M","-2.29%"
"06/26/2022","2,627.08","2,629.46","2,646.36","2,625.99","184.96M","-0.09%"
"06/23/2022","2,629.46","2,661.55","2,661.55","2,629.46","183.76M","-1.21%"
"06/22/2022","2,661.55","2,680.87","2,680.89","2,661.42","176.86M","-0.72%"
"06/21/2022","2,680.87","2,674.01","2,695.77","2,673.41","256.88M","0.26%"
"06/20/2022","2,674.01","2,693.90","2,701.54","2,673.26","213.92M","-0.74%"
"06/19/2022","2,693.90","2,738.58","2,739.76","2,693.32","221.20M","-1.63%"
"06/16/2022","2,738.58","2,760.38","2,771.25","2,738.58","358.00M","-0.79%"
"06/15/2022","2,760.38","2,742.32","2,765.04","2,742.32","367.27M","0.66%"
"06/14/2022","2,742.32","2,725.40","2,745.57","2,723.23","314.73M","0.62%"
"06/13/2022","2,725.40","2,763.74","2,769.77","2,724.34","359.54M","-1.39%"
"06/12/2022","2,763.74","2,765.13","2,770.99","2,752.88","342.39M","-0.05%"
"06/09/2022","2,765.13","2,742.97","2,765.13","2,742.97","588.30M","0.81%"
"06/08/2022","2,742.97","2,667.29","2,742.97","2,667.29","468.99M","2.84%"
"06/07/2022","2,667.29","2,639.79","2,667.29","2,639.62","214.32M","1.04%"
"06/06/2022","2,639.79","2,629.40","2,640.99","2,628.63","167.00M","0.40%"
"06/05/2022","2,629.40","2,608.67","2,636.18","2,608.67","175.54M","0.79%"
"06/02/2022","2,608.67","2,596.94","2,610.65","2,588.28","170.09M","0.45%"
"06/01/2022","2,596.94","2,621.94","2,635.20","2,595.46","204.39M","-0.95%"
"05/31/2022","2,621.94","2,614.56","2,633.94","2,614.56","275.64M","0.28%"
"05/30/2022","2,614.56","2,599.57","2,630.74","2,599.47","164.24M","0.58%"
"05/29/2022","2,599.57","2,627.49","2,630.72","2,599.57","125.92M","-1.06%"
"05/26/2022","2,627.49","2,660.15","2,664.69","2,625.07","211.67M","-1.23%"
"05/25/2022","2,660.15","2,750.63","2,750.63","2,660.15","243.98M","-3.29%"
"05/24/2022","2,750.63","2,775.02","2,779.81","2,750.23","247.41M","-0.88%"
"05/23/2022","2,775.02","2,771.78","2,788.39","2,771.78","235.35M","0.12%"
"05/22/2022","2,771.78","2,768.86","2,794.43","2,768.28","233.80M","0.11%"
"05/19/2022","2,768.86","2,783.94","2,783.94","2,762.17","242.10M","-0.54%"
"05/18/2022","2,783.94","2,768.76","2,791.27","2,768.72","275.08M","0.55%"
"05/17/2022","2,768.76","2,758.37","2,777.03","2,757.74","233.23M","0.38%"
"05/16/2022","2,758.37","2,766.74","2,768.60","2,749.49","177.78M","-0.30%"
"05/15/2022","2,766.74","2,786.09","2,807.20","2,766.74","222.68M","-0.69%"
"05/12/2022","2,786.09","2,834.65","2,834.89","2,777.86","260.59M","-1.71%"
"05/11/2022","2,834.65","2,808.35","2,836.94","2,808.35","224.27M","0.94%"
"05/10/2022","2,808.35","2,832.99","2,835.90","2,804.88","196.67M","-0.87%"
"05/09/2022","2,832.99","2,862.02","2,879.35","2,831.45","274.84M","-1.01%"
"05/08/2022","2,862.02","2,851.09","2,864.53","2,840.06","79.70M","0.38%"
"04/28/2022","2,851.09","2,771.66","2,852.05","2,771.66","248.79M","2.87%"
"04/27/2022","2,771.66","2,754.06","2,775.06","2,753.15","152.75M","0.64%"
"04/26/2022","2,754.06","2,767.75","2,778.35","2,741.97","173.91M","-0.49%"
"04/21/2022","2,767.75","2,667.04","2,774.76","2,666.87","372.45M","3.78%"
"04/20/2022","2,667.04","2,652.15","2,667.04","2,649.51","138.26M","0.56%"
"04/19/2022","2,652.15","2,618.02","2,652.15","2,606.85","191.28M","1.30%"
"04/18/2022","2,618.02","2,603.03","2,619.85","2,587.11","199.68M","0.58%"
"04/17/2022","2,603.03","2,767.05","2,767.05","2,599.28","188.48M","-3.70%"
"04/14/2022","2,703.16","2,767.05","2,767.05","2,701.53","172.85M","-2.31%"
"04/13/2022","2,767.05","2,764.66","2,784.80","2,764.66","120.05M","0.09%"
"04/12/2022","2,764.66","2,755.15","2,770.51","2,754.24","126.43M","0.35%"
"04/11/2022","2,755.15","2,816.88","2,818.86","2,753.15","141.10M","-2.19%"
"04/10/2022","2,816.88","2,882.24","2,883.05","2,816.16","142.82M","-2.27%"
"04/07/2022","2,882.24","2,928.80","2,929.95","2,882.24","208.70M","-1.59%"
"04/06/2022","2,928.80","2,934.78","2,941.71","2,926.76","200.82M","-0.20%"
"04/05/2022","2,934.78","2,944.24","2,954.27","2,934.30","185.18M","-0.32%"
"04/04/2022","2,944.24","2,931.44","2,945.50","2,931.44","160.82M","0.44%"
"04/03/2022","2,931.44","2,893.91","2,931.44","2,893.91","113.30M","1.30%"
"03/31/2022","2,893.91","2,900.20","2,900.20","2,883.84","243.56M","-0.22%"
"03/30/2022","2,900.20","2,918.60","2,934.77","2,899.22","182.79M","-0.63%"
"03/29/2022","2,918.60","2,897.61","2,919.74","2,882.32","201.14M","0.72%"
"03/28/2022","2,897.61","2,979.50","2,983.60","2,897.61","210.52M","-2.75%"
"03/27/2022","2,979.50","3,022.23","3,023.20","2,978.96","220.77M","-1.41%"
"03/24/2022","3,022.23","3,031.90","3,053.37","3,021.87","286.79M","-0.32%"
"03/23/2022","3,031.90","3,009.00","3,031.90","3,007.04","239.38M","0.76%"
"03/22/2022","3,009.00","2,996.47","3,065.82","2,996.47","441.41M","0.42%"
"03/21/2022","2,996.47","2,894.38","3,014.05","2,894.38","524.40M","3.53%"
"03/20/2022","2,894.38","2,848.45","2,894.38","2,848.45","382.75M","1.61%"
"03/17/2022","2,848.45","2,828.71","2,857.25","2,828.71","256.32M","0.70%"
"03/16/2022","2,828.71","2,747.61","2,828.71","2,747.61","312.81M","2.95%"
"03/15/2022","2,747.61","2,772.24","2,778.89","2,736.05","187.35M","-0.89%"
"03/14/2022","2,772.24","2,783.87","2,784.71","2,770.83","123.78M","-0.42%"
"03/13/2022","2,783.87","2,815.33","2,823.86","2,783.87","148.52M","-1.12%"
"03/10/2022","2,815.33","2,817.96","2,830.09","2,810.28","209.46M","-0.09%"
"03/09/2022","2,817.96","2,804.59","2,846.77","2,804.59","176.70M","0.48%"
"03/08/2022","2,804.59","2,834.11","2,834.11","2,787.27","211.93M","-1.04%"
"03/07/2022","2,834.11","2,896.62","2,907.90","2,832.61","242.55M","-2.16%"
"03/06/2022","2,896.62","2,882.20","2,902.03","2,881.50","166.98M","0.50%"
"03/03/2022","2,882.20","2,835.11","2,883.36","2,835.11","207.38M","1.66%"
"03/02/2022","2,835.11","2,839.19","2,853.76","2,832.60","220.28M","-0.14%"
"03/01/2022","2,839.19","2,787.33","2,839.19","2,787.33","194.16M","1.86%"
"02/28/2022","2,787.33","2,823.14","2,823.70","2,786.00","170.37M","-1.27%"
"02/27/2022","2,823.14","2,720.93","2,823.14","2,720.93","251.99M","3.76%"
"02/24/2022","2,720.93","2,934.54","2,934.54","2,702.71","357.69M","-7.28%"
"02/23/2022","2,934.54","2,920.64","2,949.98","2,920.60","168.51M","0.48%"
"02/22/2022","2,920.64","2,956.18","2,956.23","2,888.79","238.64M","-1.20%"
"02/21/2022","2,956.18","2,941.56","2,960.41","2,934.63","200.11M","0.50%"
"02/20/2022","2,941.56","2,991.82","2,992.47","2,941.44","164.50M","-1.68%"
"02/17/2022","2,991.82","2,992.40","2,995.62","2,977.12","165.79M","-0.02%"
"02/16/2022","2,992.40","2,994.32","3,014.04","2,992.21","207.07M","-0.06%"
"02/15/2022","2,994.32","2,960.64","3,003.07","2,960.64","223.35M","1.14%"
"02/14/2022","2,960.64","2,984.72","2,985.02","2,931.54","215.42M","-0.81%"
"02/13/2022","2,984.72","3,140.00","3,140.42","2,982.41","321.36M","-4.95%"
"02/10/2022","3,140.00","3,182.83","3,185.82","3,139.08","236.12M","-1.35%"
"02/09/2022","3,182.83","3,176.41","3,209.34","3,176.41","362.16M","0.20%"
"02/08/2022","3,176.41","3,184.78","3,193.32","3,176.36","323.12M","-0.26%"
"02/07/2022","3,184.78","3,212.61","3,221.49","3,183.72","282.35M","-0.87%"
"02/06/2022","3,212.61","3,193.02","3,213.72","3,193.01","241.13M","0.61%"
"02/03/2022","3,193.02","3,198.68","3,211.32","3,183.78","","-0.18%"
"02/02/2022","3,198.68","3,171.23","3,203.53","3,171.23","283.94M","0.87%"
"02/01/2022","3,171.23","3,123.76","3,171.23","3,123.34","200.97M","1.52%"
"01/31/2022","3,123.76","3,093.99","3,123.76","3,088.57","148.25M","0.96%"
"01/30/2022","3,093.99","3,126.72","3,131.94","3,093.99","168.03M","-1.05%"
"01/26/2022","3,126.72","3,141.40","3,151.41","3,125.69","241.70M","-0.47%"
"01/25/2022","3,141.40","3,132.78","3,155.89","3,131.52","155.44M","0.28%"
"01/24/2022","3,132.78","3,181.33","3,185.24","3,130.22","159.85M","-1.53%"
"01/23/2022","3,181.33","3,231.96","3,231.96","3,181.02","139.68M","-1.57%"
"01/20/2022","3,231.96","3,239.68","3,249.43","3,230.60","152.04M","-0.24%"
"01/19/2022","3,239.68","3,259.48","3,266.83","3,235.02","160.12M","-0.61%"
"01/18/2022","3,259.48","3,227.04","3,259.48","3,226.97","135.67M","1.01%"
"01/17/2022","3,227.04","3,223.79","3,241.92","3,213.77","149.16M","0.10%"
"01/16/2022","3,223.79","3,277.42","3,277.42","3,219.31","170.30M","-1.64%"
"01/13/2022","3,277.42","3,315.10","3,315.93","3,274.36","176.95M","-1.14%"
"01/12/2022","3,315.10","3,342.32","3,353.38","3,312.81","204.25M","-0.81%"
"01/11/2022","3,342.32","3,377.85","3,387.69","3,341.23","261.05M","-1.05%"
"01/10/2022","3,377.85","3,369.16","3,394.64","3,369.16","253.53M","0.26%"
"01/09/2022","3,369.16","3,385.91","3,394.75","3,365.82","157.65M","-0.49%"
"01/05/2022","3,385.91","3,362.09","3,398.00","3,362.09","316.98M","0.71%"
"01/04/2022","3,362.09","3,316.08","3,368.15","3,316.04","364.53M","1.39%"
"01/03/2022","3,316.08","3,288.16","3,327.19","3,288.16","325.18M","0.85%"
"01/02/2022","3,288.16","3,255.21","3,295.57","3,255.21","227.43M","1.01%"
"12/30/2021","3,255.21","3,227.81","3,255.88","3,227.72","279.73M","0.85%"
"12/29/2021","3,227.81","3,224.69","3,240.89","3,224.67","283.90M","0.10%"
"12/28/2021","3,224.69","3,219.05","3,231.65","3,202.06","289.67M","0.18%"
"12/27/2021","3,219.05","3,244.44","3,255.60","3,217.06","286.63M","-0.78%"
"12/26/2021","3,244.44","3,232.55","3,262.35","3,232.55","332.98M","0.37%"
"12/23/2021","3,232.55","3,203.41","3,232.64","3,202.99","303.59M","0.91%"
"12/22/2021","3,203.41","3,166.70","3,212.38","3,166.70","288.96M","1.16%"
"12/21/2021","3,166.70","3,125.94","3,171.61","3,125.94","265.10M","1.30%"
"12/20/2021","3,125.94","3,150.50","3,150.63","3,111.96","227.22M","-0.78%"
"12/19/2021","3,150.50","3,166.52","3,182.68","3,147.67","224.81M","-0.51%"
"12/16/2021","3,166.52","3,129.67","3,166.52","3,129.67","322.01M","1.18%"
"12/15/2021","3,129.67","3,124.18","3,156.66","3,123.21","313.16M","0.18%"
"12/14/2021","3,124.18","3,150.59","3,161.18","3,123.78","310.88M","-0.84%"
"12/13/2021","3,150.59","3,151.30","3,172.58","3,150.59","252.87M","-0.02%"
"12/12/2021","3,151.30","3,121.03","3,153.16","3,121.03","271.89M","0.97%"
"12/09/2021","3,121.03","3,110.26","3,121.41","3,106.18","564.18M","0.35%"
"12/08/2021","3,110.26","3,136.88","3,144.67","3,103.81","297.89M","-0.85%"
"12/07/2021","3,136.88","3,210.27","3,233.69","3,133.28","558.99M","-2.29%"
"12/06/2021","3,210.27","3,200.46","3,253.55","3,195.63","506.39M","0.31%"
"12/05/2021","3,200.46","3,136.69","3,201.49","3,136.12","347.31M","2.03%"
"12/02/2021","3,136.69","3,148.67","3,169.41","3,134.18","312.91M","-0.38%"
"12/01/2021","3,148.67","3,105.14","3,159.16","3,105.14","301.52M","1.40%"
"11/30/2021","3,105.14","3,062.73","3,105.14","3,062.46","361.25M","1.38%"
"11/29/2021","3,062.73","3,020.03","3,069.94","3,017.14","304.22M","1.41%"
"11/28/2021","3,020.03","3,059.58","3,059.58","2,986.27","238.24M","-1.29%"
"11/25/2021","3,059.58","2,991.49","3,059.58","2,991.48","303.38M","2.28%"
"11/24/2021","2,991.49","2,993.16","2,999.48","2,978.29","194.13M","-0.06%"
"11/23/2021","2,993.16","2,936.72","2,993.16","2,936.72","226.38M","1.92%"
"11/22/2021","2,936.72","2,886.10","2,936.72","2,874.26","205.62M","1.75%"
"11/21/2021","2,886.10","2,972.43","2,977.21","2,885.87","162.56M","-2.90%"
"11/18/2021","2,972.43","2,992.56","3,003.03","2,970.80","163.91M","-0.67%"
"11/17/2021","2,992.56","2,990.32","3,013.94","2,954.80","211.91M","0.07%"
"11/16/2021","2,990.32","3,106.04","3,107.40","2,988.71","232.61M","-3.73%"
"11/15/2021","3,106.04","3,187.98","3,187.98","3,104.39","66.27M","-2.57%"
"11/14/2021","3,187.98","3,173.98","3,192.39","3,166.07","175.00M","0.44%"
"11/11/2021","3,173.98","3,089.88","3,173.98","3,086.96","286.68M","2.72%"
"11/10/2021","3,089.88","3,164.49","3,167.60","3,066.39","216.85M","-2.36%"
"11/09/2021","3,164.49","3,195.46","3,223.76","3,164.28","204.34M","-0.97%"
"11/08/2021","3,195.46","3,149.07","3,195.46","3,149.07","202.85M","1.47%"
"11/07/2021","3,149.07","3,146.03","3,149.07","3,138.19","152.53M","0.10%"
"11/04/2021","3,146.03","3,209.54","3,209.54","3,108.84","246.62M","-1.98%"
"11/03/2021","3,209.54","3,307.25","3,329.41","3,204.75","458.20M","-2.95%"
"11/02/2021","3,307.25","3,305.42","3,316.99","3,299.65","355.58M","0.06%"
"11/01/2021","3,305.42","3,287.34","3,317.15","3,287.34","355.24M","0.55%"
"10/31/2021","3,287.34","3,299.42","3,299.42","3,274.31","307.90M","-0.37%"
"10/28/2021","3,299.42","3,230.02","3,299.42","3,229.33","406.25M","2.15%"
"10/27/2021","3,230.02","3,245.96","3,245.96","3,165.39","431.54M","-0.49%"
"10/26/2021","3,245.96","3,323.58","3,378.38","3,245.96","421.25M","-2.34%"
"10/25/2021","3,323.58","3,419.17","3,422.46","3,263.57","475.42M","-2.80%"
"10/24/2021","3,419.17","3,390.16","3,463.32","3,390.16","355.62M","0.86%"
"10/20/2021","3,390.16","3,459.22","3,461.35","3,258.21","400.67M","-2.00%"
"10/19/2021","3,459.22","3,641.08","3,663.83","3,459.22","371.07M","-4.99%"
"10/18/2021","3,641.08","3,609.93","3,647.37","3,607.72","357.89M","0.86%"
"10/17/2021","3,609.93","3,593.06","3,624.52","3,593.06","287.95M","0.47%"
"10/14/2021","3,593.06","3,598.70","3,611.46","3,581.45","257.74M","-0.16%"
"10/13/2021","3,598.70","3,630.61","3,640.00","3,598.70","230.49M","-0.88%"
"10/12/2021","3,630.61","3,630.72","3,647.65","3,628.43","252.96M","0.00%"
"10/11/2021","3,630.72","3,614.87","3,637.58","3,614.87","369.47M","0.44%"
"10/10/2021","3,614.87","3,608.62","3,640.39","3,608.62","165.08M","0.17%"
"10/06/2021","3,608.62","3,602.70","3,617.64","3,602.70","186.11M","0.16%"
"10/05/2021","3,602.70","3,613.66","3,641.43","3,599.45","200.83M","-0.30%"
"10/04/2021","3,613.66","3,615.61","3,638.76","3,612.83","204.12M","-0.05%"
"10/03/2021","3,615.61","3,671.65","3,703.35","3,615.13","233.53M","-1.53%"
"09/30/2021","3,671.65","3,631.95","3,675.82","3,631.95","227.05M","1.09%"
"09/29/2021","3,631.95","3,640.77","3,674.24","3,630.37","223.52M","-0.24%"
"09/28/2021","3,640.77","3,660.40","3,664.46","3,618.90","358.57M","-0.54%"
"09/27/2021","3,660.40","3,748.42","3,757.57","3,660.40","382.50M","-2.35%"
"09/26/2021","3,748.42","3,722.36","3,759.37","3,722.36","290.40M","0.70%"
"09/23/2021","3,722.36","3,634.58","3,722.36","3,634.58","263.33M","2.42%"
"09/22/2021","3,634.58","3,535.65","3,634.58","3,535.65","223.00M","2.80%"
"09/21/2021","3,535.65","3,655.75","3,656.74","3,494.29","331.44M","-3.29%"
"09/20/2021","3,655.75","3,753.47","3,754.85","3,652.17","265.00M","-2.60%"
"09/19/2021","3,753.47","3,866.17","3,873.29","3,753.07","261.95M","-2.92%"
"09/16/2021","3,866.17","3,855.65","3,899.82","3,854.08","341.94M","0.27%"
"09/15/2021","3,855.65","3,910.87","3,939.23","3,845.29","419.64M","-1.41%"
"09/14/2021","3,910.87","3,911.04","3,964.72","3,907.60","575.74M","0.00%"
"09/13/2021","3,911.04","3,832.99","3,911.04","3,826.76","312.04M","2.04%"
"09/12/2021","3,832.99","3,795.37","3,845.32","3,795.37","199.32M","0.99%"
"09/09/2021","3,795.37","3,847.22","3,863.88","3,782.71","238.70M","-1.35%"
"09/08/2021","3,847.22","3,825.16","3,890.26","3,825.16","264.84M","0.58%"
"09/07/2021","3,825.16","3,755.23","3,828.33","3,743.90","266.27M","1.86%"
"09/06/2021","3,755.23","3,915.54","3,915.71","3,745.25","346.47M","-4.09%"
"09/05/2021","3,915.54","4,056.94","4,087.32","3,915.54","342.51M","-3.49%"
"09/02/2021","4,056.94","4,015.06","4,057.42","4,015.06","369.09M","1.04%"
"09/01/2021","4,015.06","3,946.65","4,016.75","3,946.65","296.20M","1.73%"
"08/31/2021","3,946.65","3,984.89","3,984.89","3,927.30","347.50M","-0.96%"
"08/30/2021","3,984.89","3,963.81","4,020.93","3,963.81","524.54M","0.53%"
"08/29/2021","3,963.81","3,954.90","3,965.70","3,926.33","346.50M","0.23%"
"08/26/2021","3,954.90","3,977.88","4,006.41","3,954.90","605.18M","-0.58%"
"08/25/2021","3,977.88","3,948.68","3,989.42","3,948.68","573.35M","0.74%"
"08/24/2021","3,948.68","3,932.91","3,979.40","3,932.91","500.64M","0.40%"
"08/23/2021","3,932.91","3,874.11","3,941.77","3,874.11","425.92M","1.52%"
"08/22/2021","3,874.11","3,870.19","3,886.14","3,864.35","281.10M","0.10%"
"08/19/2021","3,870.19","3,903.04","3,906.52","3,869.87","354.19M","-0.84%"
"08/18/2021","3,903.04","3,895.82","3,921.17","3,895.82","448.04M","0.19%"
"08/17/2021","3,895.82","3,863.58","3,900.70","3,863.58","561.00M","0.83%"
"08/16/2021","3,863.58","3,866.00","3,874.85","3,863.34","439.53M","-0.06%"
"08/15/2021","3,866.00","3,846.51","3,889.50","3,846.51","393.02M","0.51%"
"08/11/2021","3,846.51","3,845.23","3,876.06","3,845.23","603.73M","0.03%"
"08/10/2021","3,845.23","3,835.21","3,853.04","3,833.43","343.25M","0.26%"
"08/09/2021","3,835.21","3,859.21","3,869.73","3,835.21","411.04M","-0.62%"
"08/08/2021","3,859.21","3,804.78","3,868.20","3,804.78","554.42M","1.43%"
"08/05/2021","3,804.78","3,737.99","3,815.49","3,737.99","408.01M","1.79%"
"08/04/2021","3,737.99","3,710.11","3,740.81","3,689.45","352.56M","0.75%"
"08/03/2021","3,710.11","3,803.38","3,803.38","3,710.11","410.40M","-2.45%"
"08/02/2021","3,803.38","3,793.61","3,847.25","3,793.61","475.06M","0.26%"
"08/01/2021","3,793.61","3,742.00","3,796.11","3,742.00","399.09M","1.38%"
"07/29/2021","3,742.00","3,696.79","3,747.28","3,696.79","595.23M","1.22%"
"07/28/2021","3,696.79","3,640.90","3,697.22","3,640.90","593.61M","1.54%"
"07/27/2021","3,640.90","3,571.98","3,643.66","3,571.98","565.93M","1.93%"
"07/26/2021","3,571.98","3,546.79","3,574.28","3,546.79","453.98M","0.71%"
"07/25/2021","3,546.79","3,469.37","3,551.57","3,469.37","485.92M","2.23%"
"07/18/2021","3,469.37","3,428.76","3,476.28","3,428.76","325.66M","1.18%"
"07/15/2021","3,428.76","3,379.50","3,432.16","3,379.50","389.64M","1.46%"
"07/14/2021","3,379.50","3,321.44","3,385.10","3,321.44","480.65M","1.75%"
"07/13/2021","3,321.44","3,257.01","3,321.51","3,257.01","289.73M","1.98%"
"07/12/2021","3,257.01","3,224.69","3,261.15","3,224.69","287.18M","1.00%"
"07/11/2021","3,224.69","3,253.52","3,253.80","3,224.42","287.18M","-0.89%"
"07/08/2021","3,253.52","3,284.95","3,311.01","3,253.43","317.62M","-0.96%"
"07/07/2021","3,284.95","3,229.42","3,288.55","3,229.42","390.38M","1.72%"
"07/06/2021","3,229.42","3,312.76","3,312.76","3,199.99","298.66M","-2.52%"
"07/05/2021","3,312.76","3,316.14","3,345.34","3,312.76","1.07B","-0.10%"
"07/04/2021","3,316.14","3,278.77","3,316.93","3,278.77","364.37M","1.14%"
"06/30/2021","3,278.77","3,232.05","3,288.86","3,232.05","325.97M","1.45%"
"06/29/2021","3,232.05","3,278.21","3,278.21","3,215.17","390.19M","-1.41%"
"06/28/2021","3,278.21","3,302.42","3,316.14","3,278.21","578.11M","-0.73%"
"06/27/2021","3,302.42","3,296.87","3,302.42","3,286.15","346.87M","0.17%"
"06/24/2021","3,296.87","3,315.99","3,315.99","3,289.28","367.79M","-0.58%"
"06/23/2021","3,315.99","3,322.36","3,340.71","3,315.98","525.92M","-0.19%"
"06/22/2021","3,322.36","3,316.79","3,330.99","3,315.39","519.63M","0.17%"
"06/21/2021","3,316.79","3,255.34","3,332.53","3,255.34","558.82M","1.89%"
"06/20/2021","3,255.34","3,226.45","3,255.34","3,226.45","420.84M","0.90%"
"06/17/2021","3,226.45","3,163.01","3,229.32","3,163.01","350.90M","2.01%"
"06/16/2021","3,163.01","3,166.48","3,174.05","3,152.21","398.52M","-0.11%"
"06/15/2021","3,166.48","3,221.17","3,239.17","3,166.48","433.71M","-1.70%"
"06/14/2021","3,221.17","3,262.97","3,262.97","3,195.43","351.51M","-1.28%"
"06/13/2021","3,262.97","3,333.71","3,358.82","3,262.97","464.81M","-2.12%"
"06/10/2021","3,333.71","3,334.56","3,349.66","3,333.71","433.69M","-0.03%"
"06/09/2021","3,334.56","3,291.81","3,340.60","3,291.81","493.82M","1.30%"
"06/08/2021","3,291.81","3,320.65","3,332.81","3,291.81","440.47M","-0.87%"
"06/07/2021","3,320.65","3,304.22","3,329.12","3,304.22","522.19M","0.50%"
"06/06/2021","3,304.22","3,251.86","3,307.44","3,251.86","459.60M","1.61%"
"06/03/2021","3,251.86","3,251.93","3,263.73","3,212.77","558.23M","0.00%"
"06/02/2021","3,251.93","3,224.87","3,293.86","3,224.87","603.51M","0.84%"
"06/01/2021","3,224.87","3,215.84","3,225.02","3,174.42","653.46M","0.28%"
"05/31/2021","3,215.84","3,199.72","3,250.43","3,199.72","931.80M","0.50%"
"05/30/2021","3,199.72","3,150.13","3,202.83","3,150.13","633.73M","1.57%"
"05/27/2021","3,150.13","3,135.56","3,157.09","3,135.56","936.51M","0.46%"
"05/26/2021","3,135.56","3,090.37","3,150.79","3,090.37","566.55M","1.46%"
"05/25/2021","3,090.37","3,160.43","3,160.43","3,061.08","490.26M","-2.22%"
"05/24/2021","3,160.43","3,214.30","3,229.82","3,160.43","635.95M","-1.68%"
"05/23/2021","3,214.30","3,181.12","3,217.69","3,181.12","631.08M","1.04%"
"05/20/2021","3,181.12","3,200.82","3,202.56","3,176.57","727.36M","-0.62%"
"05/19/2021","3,200.82","3,187.02","3,225.06","3,187.02","710.65M","0.43%"
"05/18/2021","3,187.02","3,123.35","3,188.07","3,123.35","668.09M","2.04%"
"05/17/2021","3,123.35","3,096.77","3,123.93","3,096.77","531.84M","0.86%"
"05/11/2021","3,096.77","3,059.55","3,099.82","3,059.55","394.70M","1.22%"
"05/10/2021","3,059.55","3,050.81","3,059.55","3,039.31","237.57M","0.29%"
"05/09/2021","3,050.81","3,050.59","3,073.19","3,050.59","271.82M","0.01%"
"05/06/2021","3,050.59","3,037.57","3,056.04","3,037.57","366.73M","0.43%"
"05/05/2021","3,037.57","3,014.36","3,040.78","3,014.36","369.52M","0.77%"
"05/04/2021","3,014.36","2,974.07","3,018.38","2,972.18","297.80M","1.35%"
"04/28/2021","2,974.07","3,003.40","3,007.35","2,971.65","300.31M","-0.98%"
"04/27/2021","3,003.40","2,986.06","3,009.33","2,986.06","383.00M","0.58%"
"04/26/2021","2,986.06","2,994.77","3,007.78","2,975.35","449.02M","-0.29%"
"04/25/2021","2,994.77","2,942.05","2,994.77","2,942.05","487.34M","1.79%"
"04/22/2021","2,942.05","2,898.41","2,942.05","2,898.41","557.77M","1.51%"
"04/21/2021","2,898.41","2,887.98","2,912.08","2,887.17","456.24M","0.36%"
"04/20/2021","2,887.98","2,828.40","2,887.98","2,828.40","529.62M","2.11%"
"04/19/2021","2,828.40","2,772.73","2,828.40","2,772.73","395.13M","2.01%"
"04/18/2021","2,772.73","2,716.03","2,772.73","2,716.03","242.06M","2.09%"
"04/15/2021","2,716.03","2,733.47","2,747.90","2,712.94","820.26M","-0.64%"
"04/14/2021","2,733.47","2,854.06","2,854.68","2,733.47","485.46M","-4.23%"
"04/13/2021","2,854.06","2,911.35","2,920.51","2,854.06","385.90M","-1.97%"
"04/12/2021","2,911.35","2,868.77","2,915.38","2,868.77","519.74M","1.48%"
"04/11/2021","2,868.77","2,794.05","2,868.77","2,794.05","430.73M","2.67%"
"04/08/2021","2,794.05","2,748.29","2,794.05","2,747.93","362.38M","1.67%"
"04/07/2021","2,748.29","2,750.69","2,759.18","2,739.11","395.66M","-0.09%"
"04/06/2021","2,750.69","2,783.33","2,783.74","2,714.90","446.94M","-1.17%"
"04/05/2021","2,783.33","2,927.83","2,927.83","2,778.29","489.30M","-4.94%"
"04/04/2021","2,927.83","2,963.24","2,981.39","2,927.83","460.06M","-1.19%"
"04/01/2021","2,963.24","2,910.53","2,963.25","2,910.53","439.33M","1.81%"
"03/31/2021","2,910.53","2,940.51","2,944.61","2,907.10","551.56M","-1.02%"
"03/30/2021","2,940.51","2,900.70","2,948.47","2,900.70","618.27M","1.37%"
"03/29/2021","2,900.70","2,856.68","2,900.70","2,856.68","562.62M","1.54%"
"03/28/2021","2,856.68","2,788.93","2,857.65","2,788.87","383.04M","2.43%"
"03/25/2021","2,788.93","2,795.00","2,795.00","2,722.92","416.20M","-0.22%"
"03/24/2021","2,795.00","2,739.60","2,828.05","2,737.17","508.40M","2.02%"
"03/23/2021","2,739.60","2,845.34","2,845.34","2,697.67","551.75M","-3.72%"
"03/22/2021","2,845.34","2,979.65","2,979.65","2,845.34","425.60M","-4.51%"
"03/21/2021","2,979.65","3,047.36","3,062.93","2,979.65","390.41M","-2.22%"
"03/18/2021","3,047.36","3,080.36","3,080.36","3,046.46","505.50M","-1.07%"
"03/17/2021","3,080.36","3,083.89","3,108.03","3,080.36","463.30M","-0.11%"
"03/16/2021","3,083.89","3,141.71","3,141.71","3,068.27","437.85M","-1.84%"
"03/15/2021","3,141.71","3,213.97","3,221.64","3,141.71","505.59M","-2.25%"
"03/14/2021","3,213.97","3,223.36","3,235.96","3,213.81","498.45M","-0.29%"
"03/11/2021","3,223.36","3,204.17","3,231.73","3,201.29","664.70M","0.60%"
"03/10/2021","3,204.17","3,231.25","3,231.34","3,182.84","799.20M","-0.84%"
"03/09/2021","3,231.25","3,247.64","3,265.65","3,231.25","436.36M","-0.50%"
"03/08/2021","3,247.64","3,278.21","3,294.12","3,247.44","467.92M","-0.93%"
"03/07/2021","3,278.21","3,198.81","3,282.50","3,198.81","467.92M","2.48%"
"03/04/2021","3,198.81","3,203.62","3,212.97","3,174.01","508.14M","-0.15%"
"03/03/2021","3,203.62","3,326.14","3,327.11","3,202.61","627.28M","-3.68%"
"03/02/2021","3,326.14","3,351.11","3,375.15","3,326.14","581.32M","-0.75%"
"03/01/2021","3,351.11","3,369.89","3,371.96","3,351.11","471.04M","-0.56%"
"02/28/2021","3,369.89","3,424.52","3,424.55","3,369.86","840.30M","-1.60%"
"02/25/2021","3,424.52","3,386.08","3,447.02","3,386.08","750.80M","1.14%"
"02/24/2021","3,386.08","3,391.09","3,396.17","3,351.97","520.49M","-0.15%"
"02/23/2021","3,391.09","3,437.08","3,442.97","3,391.09","709.92M","-1.34%"
"02/22/2021","3,437.08","3,420.42","3,444.42","3,420.42","730.92M","0.49%"
"02/21/2021","3,420.42","3,374.34","3,427.33","3,374.26","605.89M","1.37%"
"02/18/2021","3,374.34","3,403.11","3,403.11","3,373.33","762.33M","-0.85%"
"02/17/2021","3,403.11","3,453.56","3,458.64","3,403.07","1.04B","-1.46%"
"02/16/2021","3,453.56","3,431.99","3,464.65","3,431.99","379.80M","0.63%"
"02/15/2021","3,431.99","3,469.25","3,470.33","3,429.72","445.47M","-1.07%"
"02/14/2021","3,469.25","3,488.18","3,513.38","3,469.16","499.21M","-0.54%"
"02/11/2021","3,488.18","3,468.78","3,500.42","3,468.78","520.36M","0.56%"
"02/10/2021","3,468.78","3,417.26","3,472.92","3,417.26","776.27M","1.51%"
"02/09/2021","3,417.26","3,442.93","3,442.93","3,406.36","572.27M","-0.75%"
"02/08/2021","3,442.93","3,475.84","3,494.09","3,442.93","892.43M","-0.95%"
"02/07/2021","3,475.84","3,440.18","3,483.09","3,440.18","723.56M","1.04%"
"02/04/2021","3,440.18","3,447.77","3,460.28","3,439.42","492.26M","-0.22%"
"02/03/2021","3,447.77","3,448.66","3,471.45","3,447.77","568.23M","-0.03%"
"02/02/2021","3,448.66","3,413.02","3,458.01","3,413.02","568.09M","1.04%"
"02/01/2021","3,413.02","3,373.09","3,416.68","3,373.09","603.74M","1.18%"
"01/31/2021","3,373.09","3,390.84","3,393.40","3,372.72","491.66M","-0.52%"
"01/27/2021","3,390.84","3,378.52","3,398.14","3,378.52","550.83M","0.36%"
"01/26/2021","3,378.52","3,361.72","3,387.97","3,361.72","578.97M","0.50%"
"01/25/2021","3,361.72","3,341.36","3,365.86","3,340.07","650.34M","0.61%"
"01/24/2021","3,341.36","3,328.19","3,348.22","3,328.19","515.09M","0.40%"
"01/21/2021","3,328.19","3,313.21","3,336.73","3,313.21","536.53M","0.45%"
"01/20/2021","3,313.21","3,271.72","3,326.42","3,271.72","646.66M","1.27%"
"01/19/2021","3,271.72","3,250.42","3,271.72","3,240.78","510.45M","0.66%"
"01/18/2021","3,250.42","3,274.35","3,292.46","3,250.42","559.25M","-0.73%"
"01/17/2021","3,274.35","3,252.80","3,281.26","3,252.80","438.84M","0.66%"
"01/14/2021","3,252.80","3,225.53","3,257.90","3,225.53","568.77M","0.85%"
"01/13/2021","3,225.53","3,194.77","3,230.68","3,194.77","569.01M","0.96%"
"01/12/2021","3,194.77","3,182.46","3,198.04","3,174.81","479.96M","0.39%"
"01/11/2021","3,182.46","3,168.94","3,191.62","3,168.94","553.27M","0.43%"
"01/10/2021","3,168.94","3,125.17","3,173.40","3,125.17","515.71M","1.40%"
"01/06/2021","3,125.17","3,101.07","3,128.79","3,101.07","428.32M","0.78%"
"01/05/2021","3,101.07","3,096.85","3,110.12","3,090.69","460.51M","0.14%"
"01/04/2021","3,096.85","3,118.58","3,127.93","3,096.62","399.29M","-0.70%"
"01/03/2021","3,118.58","3,097.82","3,121.46","3,096.60","322.80M","0.67%"
"12/31/2020","3,097.82","3,087.70","3,106.69","3,087.70","430.18M","0.33%"
"12/30/2020","3,087.70","3,018.45","3,089.27","3,018.45","457.09M","2.29%"
"12/29/2020","3,018.45","2,985.81","3,018.45","2,984.28","419.56M","1.09%"
"12/28/2020","2,985.81","2,938.15","2,993.75","2,938.15","361.12M","1.62%"
"12/27/2020","2,938.15","2,974.11","2,976.46","2,932.28","411.43M","-1.21%"
"12/24/2020","2,974.11","2,933.98","2,981.60","2,933.98","473.22M","1.37%"
"12/23/2020","2,933.98","2,867.51","2,933.98","2,867.51","485.10M","2.32%"
"12/22/2020","2,867.51","2,852.93","2,867.51","2,803.41","421.66M","0.51%"
"12/21/2020","2,852.93","3,056.74","3,056.74","2,852.77","515.40M","-6.67%"
"12/20/2020","3,056.74","3,001.37","3,061.61","3,001.37","333.42M","1.84%"
"12/17/2020","3,001.37","3,026.16","3,026.16","2,979.55","420.20M","-0.82%"
"12/16/2020","3,026.16","3,081.35","3,081.92","3,026.16","649.98M","-1.79%"
"12/15/2020","3,081.35","3,085.73","3,104.53","3,081.31","534.73M","-0.14%"
"12/14/2020","3,085.73","3,061.37","3,094.81","3,061.37","532.96M","0.80%"
"12/13/2020","3,061.37","3,040.47","3,062.21","3,040.47","468.62M","0.69%"
"12/10/2020","3,040.47","3,082.00","3,082.00","3,040.36","444.85M","-1.35%"
"12/09/2020","3,082.00","3,114.83","3,119.25","3,081.98","536.85M","-1.05%"
"12/08/2020","3,114.83","3,088.62","3,121.19","3,088.62","559.59M","0.85%"
"12/07/2020","3,088.62","3,075.45","3,095.83","3,075.45","670.98M","0.43%"
"12/06/2020","3,075.45","3,038.42","3,078.38","3,038.42","682.02M","1.22%"
"12/03/2020","3,038.42","3,030.35","3,041.89","3,028.13","352.04M","0.27%"
"12/02/2020","3,030.35","3,016.56","3,055.05","3,016.56","563.77M","0.46%"
"12/01/2020","3,016.56","2,983.83","3,017.63","2,983.83","478.46M","1.10%"
"11/30/2020","2,983.83","2,980.90","2,986.43","2,974.83","500.29M","0.10%"
"11/29/2020","2,980.90","2,946.85","2,985.81","2,945.80","544.46M","1.16%"
"11/26/2020","2,946.85","2,984.08","2,987.24","2,937.56","587.19M","-1.25%"
"11/25/2020","2,984.08","3,010.82","3,023.02","2,984.07","785.02M","-0.89%"
"11/24/2020","3,010.82","2,972.73","3,015.03","2,972.73","704.90M","1.28%"
"11/23/2020","2,972.73","2,945.13","2,982.43","2,945.13","570.99M","0.94%"
"11/22/2020","2,945.13","2,937.87","2,951.54","2,937.87","474.62M","0.25%"
"11/19/2020","2,937.87","2,954.03","2,956.60","2,931.13","474.55M","-0.55%"
"11/18/2020","2,954.03","2,958.73","2,968.55","2,954.03","379.90M","-0.16%"
"11/17/2020","2,958.73","2,923.36","2,963.95","2,923.36","649.25M","1.21%"
"11/16/2020","2,923.36","2,911.58","2,924.34","2,911.58","329.34M","0.40%"
"11/15/2020","2,911.58","2,912.19","2,926.90","2,911.58","306.42M","-0.02%"
"11/12/2020","2,912.19","2,888.80","2,917.60","2,888.80","455.33M","0.81%"
"11/11/2020","2,888.80","2,863.30","2,888.80","2,862.13","452.44M","0.89%"
"11/10/2020","2,863.30","2,799.05","2,873.77","2,799.05","440.71M","2.30%"
"11/09/2020","2,799.05","2,732.75","2,799.05","2,732.75","427.54M","2.43%"
"11/08/2020","2,732.75","2,717.21","2,734.60","2,714.48","198.74M","0.57%"
"11/05/2020","2,717.21","2,707.34","2,736.09","2,707.34","240.04M","0.36%"
"11/04/2020","2,707.34","2,671.74","2,707.90","2,671.74","228.58M","1.33%"
"11/03/2020","2,671.74","2,672.24","2,672.59","2,647.67","270.56M","-0.02%"
"11/02/2020","2,672.24","2,718.56","2,738.03","2,672.23","405.72M","-1.70%"
"11/01/2020","2,718.56","2,743.47","2,746.06","2,718.56","281.66M","-0.91%"
"10/28/2020","2,743.47","2,742.45","2,769.03","2,737.89","363.23M","0.04%"
"10/27/2020","2,742.45","2,679.70","2,742.45","2,679.70","335.07M","2.34%"
"10/26/2020","2,679.70","2,645.00","2,689.15","2,645.00","227.67M","1.31%"
"10/25/2020","2,645.00","2,692.53","2,692.53","2,615.32","221.77M","-1.77%"
"10/22/2020","2,692.53","2,818.07","2,818.07","2,692.53","367.91M","-4.45%"
"10/21/2020","2,818.07","2,854.18","2,875.71","2,818.07","307.42M","-1.27%"
"10/20/2020","2,854.18","2,871.56","2,871.56","2,832.32","226.80M","-0.61%"
"10/19/2020","2,871.56","2,869.45","2,894.59","2,869.45","247.04M","0.07%"
"10/18/2020","2,869.45","2,916.58","2,919.21","2,869.39","226.42M","-1.62%"
"10/15/2020","2,916.58","2,931.25","2,950.11","2,916.58","290.39M","-0.50%"
"10/14/2020","2,931.25","2,899.69","2,932.05","2,898.37","316.55M","1.09%"
"10/13/2020","2,899.69","2,947.60","2,947.60","2,899.38","287.73M","-1.63%"
"10/12/2020","2,947.60","2,961.01","2,980.73","2,947.60","393.54M","-0.45%"
"10/11/2020","2,961.01","2,932.55","2,963.32","2,932.55","424.50M","0.97%"
"10/07/2020","2,932.55","2,902.76","2,944.79","2,902.76","403.37M","1.03%"
"10/06/2020","2,902.76","2,855.68","2,908.02","2,855.68","331.79M","1.65%"
"10/05/2020","2,855.68","2,921.76","2,921.76","2,850.69","338.20M","-2.26%"
"10/04/2020","2,921.76","2,928.05","2,950.48","2,921.76","295.42M","-0.21%"
"10/01/2020","2,928.05","2,896.15","2,931.79","2,894.82","284.50M","1.10%"
"09/30/2020","2,896.15","2,917.35","2,919.91","2,892.02","285.96M","-0.73%"
"09/29/2020","2,917.35","2,918.19","2,935.90","2,917.35","382.33M","-0.03%"
"09/28/2020","2,918.19","2,914.81","2,941.46","2,914.81","403.04M","0.12%"
"09/27/2020","2,914.81","2,885.25","2,931.80","2,885.25","308.24M","1.02%"
"09/24/2020","2,885.25","2,903.74","2,913.11","2,879.35","366.89M","-0.64%"
"09/23/2020","2,903.74","2,857.95","2,922.94","2,857.95","379.63M","1.60%"
"09/22/2020","2,857.95","2,841.19","2,857.95","2,797.20","386.46M","0.59%"
"09/21/2020","2,841.19","2,864.62","2,902.71","2,841.19","539.53M","-0.82%"
"09/20/2020","2,864.62","2,824.66","2,865.80","2,824.66","368.50M","1.41%"
"09/17/2020","2,824.66","2,794.45","2,829.72","2,794.45","505.89B","1.08%"
"09/16/2020","2,794.45","2,747.84","2,796.60","2,747.84","436.63M","1.70%"
"09/15/2020","2,747.84","2,749.40","2,754.52","2,739.50","300.20M","-0.06%"
"09/14/2020","2,749.40","2,763.07","2,777.60","2,749.40","339.60M","-0.49%"
"09/13/2020","2,763.07","2,736.44","2,773.06","2,736.44","345.26M","0.97%"
"09/10/2020","2,736.44","2,661.00","2,737.84","2,661.00","344.20M","2.84%"
"09/09/2020","2,661.00","2,653.97","2,661.00","2,618.74","321.24M","0.26%"
"09/08/2020","2,653.97","2,742.83","2,744.67","2,653.97","389.85M","-3.24%"
"09/07/2020","2,742.83","2,728.85","2,771.92","2,728.85","321.10M","0.51%"
"09/06/2020","2,728.85","2,748.22","2,749.15","2,708.86","304.22M","-0.70%"
"09/03/2020","2,748.22","2,736.29","2,765.04","2,736.29","320.58M","0.44%"
"09/02/2020","2,736.29","2,732.03","2,756.21","2,731.59","391.13M","0.16%"
"09/01/2020","2,732.03","2,763.15","2,763.15","2,732.03","414.60M","-1.13%"
"08/31/2020","2,763.15","2,779.86","2,806.79","2,763.15","487.10M","-0.60%"
"08/30/2020","2,779.86","2,731.76","2,782.44","2,731.76","437.92M","1.76%"
"08/27/2020","2,731.76","2,691.29","2,732.66","2,691.29","554.48M","1.50%"
"08/26/2020","2,691.29","2,656.11","2,698.62","2,656.11","515.52M","1.32%"
"08/25/2020","2,656.11","2,657.21","2,670.35","2,655.49","495.97M","-0.04%"
"08/24/2020","2,657.21","2,638.69","2,673.04","2,638.69","647.34M","0.70%"
"08/23/2020","2,638.69","2,571.86","2,638.73","2,571.86","491.66M","2.60%"
"08/19/2020","2,571.86","2,529.98","2,572.77","2,529.98","489.24M","1.66%"
"08/18/2020","2,529.98","2,544.03","2,544.03","2,513.50","492.54M","-0.55%"
"08/17/2020","2,544.03","2,563.93","2,574.33","2,544.03","619.20M","-0.78%"
"08/16/2020","2,563.93","2,519.09","2,569.17","2,519.09","555.42M","1.78%"
"08/13/2020","2,519.09","2,519.58","2,525.08","2,515.77","388.95M","-0.02%"
"08/12/2020","2,519.58","2,507.99","2,540.17","2,507.99","475.44M","0.46%"
"08/11/2020","2,507.99","2,475.26","2,508.30","2,475.26","665.60M","1.32%"
"08/10/2020","2,475.26","2,464.75","2,481.19","2,458.96","338.76M","0.43%"
"08/09/2020","2,464.75","2,436.78","2,466.11","2,436.78","398.80M","1.15%"
"08/06/2020","2,436.78","2,421.56","2,448.69","2,421.56","438.34M","0.63%"
"08/05/2020","2,421.56","2,398.54","2,421.62","2,398.54","455.58M","0.96%"
"08/04/2020","2,398.54","2,352.47","2,399.55","2,352.47","475.63M","1.96%"
"07/29/2020","2,352.47","2,320.94","2,352.47","2,320.94","420.32M","1.36%"
"07/28/2020","2,320.94","2,325.36","2,331.63","2,320.94","277.59M","-0.19%"
"07/27/2020","2,325.36","2,319.13","2,332.34","2,319.13","251.12M","0.27%"
"07/26/2020","2,319.13","2,287.58","2,320.32","2,287.58","283.33M","1.38%"
"07/22/2020","2,287.58","2,266.81","2,289.50","2,266.81","251.12M","0.92%"
"07/21/2020","2,266.81","2,223.74","2,277.24","2,223.74","362.76M","1.94%"
"07/20/2020","2,223.74","2,177.44","2,223.74","2,177.44","1.01B","2.13%"
"07/19/2020","2,177.44","2,202.82","2,231.00","2,177.40","302.22M","-1.15%"
"07/16/2020","2,202.82","2,254.08","2,254.08","2,174.15","280.68M","-2.27%"
"07/15/2020","2,254.08","2,341.31","2,360.21","2,254.08","560.19M","-3.73%"
"07/14/2020","2,341.31","2,385.13","2,385.13","2,341.01","836.52M","-1.84%"
"07/13/2020","2,385.13","2,369.01","2,423.95","2,369.01","836.52M","0.68%"
"07/12/2020","2,369.01","2,289.80","2,369.01","2,289.80","328.66M","3.46%"
"07/09/2020","2,289.80","2,378.54","2,378.54","2,284.99","446.25M","-3.73%"
"07/08/2020","2,378.54","2,375.79","2,399.01","2,375.79","563.83M","0.12%"
"07/07/2020","2,375.79","2,369.26","2,388.25","2,369.26","381.86M","0.28%"
"07/06/2020","2,369.26","2,323.19","2,371.82","2,323.19","364.48M","1.98%"
"07/05/2020","2,323.19","2,245.56","2,323.19","2,245.56","423.51M","3.46%"
"06/30/2020","2,245.56","2,204.70","2,247.47","2,204.70","364.48M","1.85%"
"06/29/2020","2,204.70","2,184.25","2,208.54","2,184.25","447.12M","0.94%"
"06/28/2020","2,184.25","2,165.73","2,188.63","2,165.73","263.13M","0.86%"
"06/25/2020","2,165.73","2,188.42","2,191.06","2,165.62","447.12M","-1.04%"
"06/24/2020","2,188.42","2,146.56","2,191.80","2,146.56","447.12M","1.95%"
"06/23/2020","2,146.56","2,125.16","2,146.87","2,123.93","326.98M","1.01%"
"06/22/2020","2,125.16","2,104.14","2,140.81","2,104.14","358.15M","1.00%"
"06/21/2020","2,104.14","2,089.24","2,104.14","2,069.19","282.75M","0.71%"
"06/18/2020","2,089.24","2,082.62","2,090.63","2,082.62","292.31M","0.32%"
"06/17/2020","2,082.62","2,080.23","2,091.96","2,080.23","301.27M","0.11%"
"06/16/2020","2,080.23","2,039.15","2,084.32","2,039.15","310.62M","2.01%"
"06/15/2020","2,039.15","2,034.69","2,039.15","2,005.87","262.21M","0.22%"
"06/14/2020","2,034.69","2,040.67","2,045.68","2,032.45","265.12M","-0.29%"
"06/11/2020","2,040.67","2,047.77","2,051.78","2,036.54","288.56M","-0.35%"
"06/10/2020","2,047.77","2,044.76","2,053.07","2,043.82","269.75M","0.15%"
"06/09/2020","2,044.76","2,041.01","2,061.76","2,041.01","470.13M","0.18%"
"06/08/2020","2,041.01","2,028.96","2,055.78","2,028.96","437.98M","0.59%"
"06/07/2020","2,028.96","1,963.98","2,029.04","1,963.98","471.34M","3.31%"
"06/04/2020","1,963.98","1,930.31","1,964.25","1,930.31","346.22M","1.74%"
"06/03/2020","1,930.31","1,918.43","1,934.62","1,918.43","365.67M","0.62%"
"06/02/2020","1,918.43","1,885.22","1,921.56","1,884.83","258.80M","1.76%"
"06/01/2020","1,885.22","1,872.00","1,886.73","1,872.00","","0.71%"
"05/31/2020","1,872.00","1,829.51","1,872.00","1,829.51","160.82M","2.32%"
"05/21/2020","1,829.51","1,827.06","1,830.14","1,823.03","123.96M","0.13%"
"05/20/2020","1,827.06","1,851.78","1,853.52","1,827.02","183.65M","-1.33%"
"05/19/2020","1,851.78","1,826.59","1,854.35","1,826.59","163.31M","1.38%"
"05/18/2020","1,826.59","1,836.45","1,839.70","1,826.59","163.31M","-0.54%"
"05/17/2020","1,836.45","1,819.16","1,840.71","1,819.16","131.73M","0.95%"
"05/14/2020","1,819.16","1,829.84","1,829.84","1,817.60","208.37M","-0.58%"
"05/13/2020","1,829.84","1,869.26","1,872.30","1,828.73","256.35M","-2.11%"
"05/12/2020","1,869.26","1,808.88","1,874.01","1,808.88","237.88M","3.34%"
"05/11/2020","1,808.88","1,836.54","1,836.54","1,792.87","236.81M","-1.51%"
"05/10/2020","1,836.54","1,870.73","1,873.00","1,836.49","216.93M","-1.83%"
"05/07/2020","1,870.73","1,118.31","1,119.61","1,084.95","320.26M","-3.37%"
"05/06/2020","1,936.05","1,936.05","1,936.05","1,936.05","","1.76%"
"05/05/2020","1,902.63","1,902.63","1,902.63","1,902.63","","1.84%"
"05/04/2020","1,868.20","1,868.20","1,868.20","1,868.20","","-2.42%"
"05/03/2020","1,914.46","1,914.46","1,914.46","1,914.46","","-4.01%"
"04/30/2020","1,994.50","1,994.50","1,994.50","1,994.50","","0.87%"
"04/29/2020","1,977.25","1,977.25","1,977.25","1,977.25","","0.45%"
"04/28/2020","1,968.31","1,968.31","1,968.31","1,968.31","","1.41%"
"04/27/2020","1,940.96","1,940.96","1,940.96","1,940.96","","-0.01%"
"04/26/2020","1,941.19","1,941.19","1,941.19","1,941.19","","3.50%"
"04/23/2020","1,875.59","1,875.59","1,875.59","1,875.59","","3.63%"
"04/22/2020","1,809.96","1,809.96","1,809.96","1,809.96","","1.03%"
"04/21/2020","1,791.57","1,791.57","1,791.57","1,791.57","","-0.43%"
"04/16/2020","1,799.31","1,799.31","1,799.31","1,799.31","","0.40%"
"04/15/2020","1,792.23","1,792.23","1,792.23","1,792.23","","0.30%"
"04/14/2020","1,786.88","1,786.88","1,786.88","1,786.88","","2.04%"
"04/13/2020","1,751.24","1,751.24","1,751.24","1,751.24","","1.97%"
"04/12/2020","1,717.33","1,717.33","1,717.33","1,717.33","","0.38%"
"04/09/2020","1,710.85","1,710.85","1,710.85","1,710.85","","-0.43%"
"04/08/2020","1,718.31","1,718.31","1,718.31","1,718.31","","1.44%"
"04/07/2020","1,693.90","1,693.90","1,693.90","1,693.90","","3.42%"
"04/06/2020","1,637.81","1,637.81","1,637.81","1,637.81","","1.79%"
"04/05/2020","1,609.07","1,609.07","1,609.07","1,609.07","","-1.28%"
"04/02/2020","1,630.00","1,630.00","1,630.00","1,630.00","","0.96%"
"04/01/2020","1,614.55","1,614.55","1,614.55","1,614.55","","-1.14%"
"03/31/2020","1,633.19","1,633.19","1,633.19","1,633.19","","1.61%"
"03/30/2020","1,607.36","1,607.36","1,607.36","1,607.36","","-0.30%"
"03/29/2020","1,612.18","1,612.18","1,612.18","1,612.18","","1.20%"
"03/26/2020","1,593.05","1,593.05","1,593.05","1,593.05","","2.73%"
"03/25/2020","1,550.77","1,550.77","1,550.77","1,550.77","","2.58%"
"03/24/2020","1,511.81","1,511.81","1,511.81","1,511.81","","-0.43%"
"03/23/2020","1,518.28","1,518.28","1,518.28","1,518.28","","4.39%"
"03/22/2020","1,454.42","1,454.42","1,454.42","1,454.42","","3.99%"
"03/19/2020","1,398.59","1,398.59","1,398.59","1,398.59","","0.40%"
"03/18/2020","1,393.06","1,393.06","1,393.06","1,393.06","","-5.82%"
"03/17/2020","1,479.19","1,479.19","1,479.19","1,479.19","","-5.87%"
"03/16/2020","1,571.44","1,571.44","1,571.44","1,571.44","","-6.86%"
"03/15/2020","1,687.25","1,687.25","1,687.25","1,687.25","","-7.89%"
"03/11/2020","1,831.80","1,831.80","1,831.80","1,831.80","","1.15%"
"03/10/2020","1,810.96","1,810.96","1,810.96","1,810.96","","-0.02%"
"03/09/2020","1,811.39","1,811.39","1,811.39","1,811.39","","-5.53%"
"03/08/2020","1,917.47","1,917.47","1,917.47","1,917.47","","-3.10%"
"03/05/2020","1,978.73","1,978.73","1,978.73","1,978.73","","2.38%"
"03/04/2020","1,932.65","1,932.65","1,932.65","1,932.65","","-0.07%"
"03/03/2020","1,934.04","1,934.04","1,934.04","1,934.04","","1.21%"
"03/02/2020","1,911.00","1,911.00","1,911.00","1,911.00","","-0.28%"
"03/01/2020","1,916.35","1,916.35","1,916.35","1,916.35","","-6.57%"
"02/27/2020","2,051.03","2,051.03","2,051.03","2,051.03","","-1.35%"
"02/26/2020","2,079.06","2,079.06","2,079.06","2,079.06","","0.32%"
"02/25/2020","2,072.47","2,072.47","2,072.47","2,072.47","","-0.06%"
"02/24/2020","2,073.63","2,073.63","2,073.63","2,073.63","","-3.09%"
"02/23/2020","2,139.77","2,139.77","2,139.77","2,139.77","","-0.08%"
"02/20/2020","2,141.58","2,141.58","2,141.58","2,141.58","","1.06%"
"02/19/2020","2,119.04","2,119.04","2,119.04","2,119.04","","0.36%"
"02/18/2020","2,111.39","2,111.39","2,111.39","2,111.39","","-1.61%"
"02/17/2020","2,145.85","2,145.85","2,145.85","2,145.85","","0.32%"
"02/16/2020","2,138.99","2,138.99","2,138.99","2,138.99","","-1.26%"
"02/13/2020","2,166.34","2,166.34","2,166.34","2,166.34","","0.56%"
"02/12/2020","2,154.36","2,154.36","2,154.36","2,154.36","","-1.07%"
"02/11/2020","2,177.59","2,177.59","2,177.59","2,177.59","","0.16%"
"02/10/2020","2,174.01","2,174.01","2,174.01","2,174.01","","-0.82%"
"02/09/2020","2,192.01","2,192.01","2,192.01","2,192.01","","0.31%"
"02/06/2020","2,185.28","2,185.28","2,185.28","2,185.28","","0.64%"
"02/05/2020","2,171.33","2,171.33","2,171.33","2,171.33","","0.39%"
"02/04/2020","2,162.90","2,162.90","2,162.90","2,162.90","","-0.04%"
"02/03/2020","2,163.68","2,163.68","2,163.68","2,163.68","","-0.42%"
"02/02/2020","2,172.87","2,172.87","2,172.87","2,172.87","","-0.64%"
"01/30/2020","2,186.76","2,186.76","2,186.76","2,186.76","","1.06%"
"01/29/2020","2,163.91","2,163.91","2,163.91","2,163.91","","1.75%"
"01/28/2020","2,126.76","2,126.76","2,126.76","2,126.76","","-0.51%"
"01/27/2020","2,137.56","2,137.56","2,137.56","2,137.56","","-0.71%"
"01/26/2020","2,152.81","2,152.81","2,152.81","2,152.81","","-0.04%"
"01/23/2020","2,153.69","2,153.69","2,153.69","2,153.69","","0.53%"
"01/22/2020","2,142.23","2,142.23","2,142.23","2,142.23","","0.78%"
"01/21/2020","2,125.74","2,125.74","2,125.74","2,125.74","","-0.87%"
"01/20/2020","2,144.45","2,144.45","2,144.45","2,144.45","","-1.00%"
"01/19/2020","2,166.01","2,166.01","2,166.01","2,166.01","","-0.59%"
"01/16/2020","2,178.88","2,178.88","2,178.88","2,178.88","","0.54%"
"01/15/2020","2,167.27","2,167.27","2,167.27","2,167.27","","0.28%"
"01/14/2020","2,161.18","2,161.18","2,161.18","2,161.18","","0.75%"
"01/13/2020","2,145.13","2,145.13","2,145.13","2,145.13","","0.23%"
"01/12/2020","2,140.23","2,140.23","2,140.23","2,140.23","","0.88%"
"01/09/2020","2,121.59","2,121.59","2,121.59","2,121.59","","2.35%"
"01/08/2020","2,072.82","2,072.82","2,072.82","2,072.82","","2.49%"
"01/06/2020","2,022.51","2,022.51","2,022.51","2,022.51","","-2.03%"
"01/05/2020","2,064.37","2,064.37","2,064.37","2,064.37","","-5.81%"
"01/02/2020","2,191.70","2,191.70","2,191.70","2,191.70","","0.33%"
"12/31/2019","2,184.56","2,184.56","2,184.56","2,184.56","","-0.01%"
"12/30/2019","2,184.88","2,184.88","2,184.88","2,184.88","","0.08%"
"12/29/2019","2,183.08","2,183.08","2,183.08","2,183.08","","0.03%"
"12/26/2019","2,182.44","2,182.44","2,182.44","2,182.44","","0.40%"
"12/25/2019","2,173.73","2,173.73","2,173.73","2,173.73","","0.43%"
"12/24/2019","2,164.45","2,164.45","2,164.45","2,164.45","","-0.63%"
"12/23/2019","2,178.12","2,178.12","2,178.12","2,178.12","","-0.69%"
"12/22/2019","2,193.18","2,193.18","2,193.18","2,193.18","","0.24%"
"12/19/2019","2,187.97","2,187.97","2,187.97","2,187.97","","-0.26%"
"12/18/2019","2,193.59","2,193.59","2,193.59","2,193.59","","0.78%"
"12/17/2019","2,176.62","2,176.62","2,176.62","2,176.62","","1.42%"
"12/16/2019","2,146.09","2,146.09","2,146.09","2,146.09","","0.16%"
"12/15/2019","2,142.61","2,142.61","2,142.61","2,142.61","","0.44%"
"12/12/2019","2,133.29","2,133.29","2,133.29","2,133.29","","-0.58%"
"12/11/2019","2,145.66","2,145.66","2,145.66","2,145.66","","-0.76%"
"12/10/2019","2,162.11","2,162.11","2,162.11","2,162.11","","0.91%"
"12/09/2019","2,142.54","2,142.54","2,142.54","2,142.54","","-0.43%"
"12/08/2019","2,151.85","2,151.85","2,151.85","2,151.85","","-0.61%"
"12/05/2019","2,164.98","2,164.98","2,164.98","2,164.98","","-0.67%"
"12/04/2019","2,179.51","2,179.51","2,179.51","2,179.51","","2.01%"
"12/03/2019","2,136.62","2,136.62","2,136.62","2,136.62","","-0.87%"
"12/02/2019","2,155.33","2,155.33","2,155.33","2,155.33","","-2.20%"
"12/01/2019","2,203.78","2,203.78","2,203.78","2,203.78","","-0.04%"
"11/28/2019","2,204.70","2,204.70","2,204.70","2,204.70","","0.78%"
"11/27/2019","2,187.66","2,187.66","2,187.66","2,187.66","","-0.38%"
"11/26/2019","2,196.07","2,196.07","2,196.07","2,196.07","","-1.44%"
"11/25/2019","2,228.24","2,228.24","2,228.24","2,228.24","","-0.61%"
"11/24/2019","2,241.82","2,241.82","2,241.82","2,241.82","","-0.60%"
"11/21/2019","2,255.38","2,255.38","2,255.38","2,255.38","","-0.13%"
"11/20/2019","2,258.37","2,258.37","2,258.37","2,258.37","","0.18%"
"11/19/2019","2,254.42","2,254.42","2,254.42","2,254.42","","-0.20%"
"11/18/2019","2,258.86","2,258.86","2,258.86","2,258.86","","-1.26%"
"11/17/2019","2,287.61","2,287.61","2,287.61","2,287.61","","-0.71%"
"11/14/2019","2,304.05","2,304.05","2,304.05","2,304.05","","-0.43%"
"11/13/2019","2,314.09","2,314.09","2,314.09","2,314.09","","-0.06%"
"11/12/2019","2,315.52","2,315.52","2,315.52","2,315.52","","-0.58%"
"11/11/2019","2,329.02","2,329.02","2,329.02","2,329.02","","0.47%"
"11/07/2019","2,318.07","2,318.07","2,318.07","2,318.07","","0.68%"
"11/06/2019","2,302.32","2,302.32","2,302.32","2,302.32","","-0.36%"
"11/05/2019","2,310.58","2,310.58","2,310.58","2,310.58","","0.30%"
"11/04/2019","2,303.63","2,303.63","2,303.63","2,303.63","","-0.29%"
"11/03/2019","2,310.34","2,310.34","2,310.34","2,310.34","","0.75%"
"10/31/2019","2,293.04","2,293.04","2,293.04","2,293.04","","0.53%"
"10/30/2019","2,280.84","2,280.84","2,280.84","2,280.84","","0.20%"
"10/29/2019","2,276.27","2,276.27","2,276.27","2,276.27","","0.76%"
"10/28/2019","2,259.13","2,259.13","2,259.13","2,259.13","","0.35%"
"10/27/2019","2,251.32","2,251.32","2,251.32","2,251.32","","0.40%"
"10/24/2019","2,242.40","2,242.40","2,242.40","2,242.40","","0.75%"
"10/23/2019","2,225.68","2,225.68","2,225.68","2,225.68","","-1.06%"
"10/22/2019","2,249.55","2,249.55","2,249.55","2,249.55","","-0.03%"
"10/21/2019","2,250.17","2,250.17","2,250.17","2,250.17","","-0.33%"
"10/20/2019","2,257.54","2,257.54","2,257.54","2,257.54","","0.23%"
"10/17/2019","2,252.35","2,252.35","2,252.35","2,252.35","","0.61%"
"10/16/2019","2,238.66","2,238.66","2,238.66","2,238.66","","1.26%"
"10/15/2019","2,210.84","2,210.84","2,210.84","2,210.84","","-0.82%"
"10/14/2019","2,229.07","2,229.07","2,229.07","2,229.07","","-0.38%"
"10/13/2019","2,237.53","2,237.53","2,237.53","2,237.53","","0.12%"
"10/10/2019","2,234.95","2,234.95","2,234.95","2,234.95","","0.81%"
"10/09/2019","2,217.04","2,217.04","2,217.04","2,217.04","","-0.79%"
"10/08/2019","2,234.78","2,234.78","2,234.78","2,234.78","","-0.45%"
"10/07/2019","2,244.77","2,244.77","2,244.77","2,244.77","","1.91%"
"10/03/2019","2,202.60","2,202.60","2,202.60","2,202.60","","0.51%"
"10/02/2019","2,191.49","2,191.49","2,191.49","2,191.49","","-1.40%"
"10/01/2019","2,222.68","2,222.68","2,222.68","2,222.68","","1.49%"
"09/30/2019","2,190.08","2,190.08","2,190.08","2,190.08","","0.57%"
"09/29/2019","2,177.72","2,177.72","2,177.72","2,177.72","","4.69%"
"09/26/2019","2,080.24","2,080.24","2,080.24","2,080.24","","1.36%"
"09/25/2019","2,052.42","2,052.42","2,052.42","2,052.42","","3.44%"
"09/24/2019","1,984.18","1,984.18","1,984.18","1,984.18","","-4.23%"
"09/23/2019","2,071.77","2,071.77","2,071.77","2,071.77","","-3.02%"
"09/22/2019","2,136.18","2,136.18","2,136.18","2,136.18","","-7.06%"
"09/19/2019","2,298.56","2,298.56","2,298.56","2,298.56","","0.68%"
"09/18/2019","2,282.97","2,282.97","2,282.97","2,282.97","","-0.86%"
"09/17/2019","2,302.68","2,302.68","2,302.68","2,302.68","","-2.38%"
"09/16/2019","2,358.86","2,358.86","2,358.86","2,358.86","","-1.00%"
"09/15/2019","2,382.59","2,382.59","2,382.59","2,382.59","","-0.54%"
"09/12/2019","2,395.50","2,395.50","2,395.50","2,395.50","","0.21%"
"09/11/2019","2,390.54","2,390.54","2,390.54","2,390.54","","0.32%"
"09/10/2019","2,382.88","2,382.88","2,382.88","2,382.88","","0.66%"
"09/09/2019","2,367.26","2,367.26","2,367.26","2,367.26","","-0.46%"
"09/08/2019","2,378.31","2,378.31","2,378.31","2,378.31","","0.53%"
"09/05/2019","2,365.82","2,365.82","2,365.82","2,365.82","","0.69%"
"09/04/2019","2,349.56","2,349.56","2,349.56","2,349.56","","-0.14%"
"09/03/2019","2,352.94","2,352.94","2,352.94","2,352.94","","-0.48%"
"09/02/2019","2,364.33","2,364.33","2,364.33","2,364.33","","0.21%"
"09/01/2019","2,359.43","2,359.43","2,359.43","2,359.43","","0.65%"
"08/29/2019","2,344.16","2,344.16","2,344.16","2,344.16","","0.49%"
"08/28/2019","2,332.65","2,332.65","2,332.65","2,332.65","","1.07%"
"08/27/2019","2,307.90","2,307.90","2,307.90","2,307.90","","0.16%"
"08/26/2019","2,304.26","2,304.26","2,304.26","2,304.26","","-0.68%"
"08/25/2019","2,320.01","2,320.01","2,320.01","2,320.01","","-0.75%"
"08/22/2019","2,337.57","2,337.57","2,337.57","2,337.57","","0.23%"
"08/21/2019","2,332.25","2,332.25","2,332.25","2,332.25","","0.02%"
"08/20/2019","2,331.81","2,331.81","2,331.81","2,331.81","","1.54%"
"08/19/2019","2,296.50","2,296.50","2,296.50","2,296.50","","0.14%"
"08/18/2019","2,293.20","2,293.20","2,293.20","2,293.20","","0.98%"
"08/15/2019","2,270.93","2,270.93","2,270.93","2,270.93","","-0.56%"
"08/14/2019","2,283.67","2,283.67","2,283.67","2,283.67","","2.72%"
"08/08/2019","2,223.22","2,223.22","2,223.22","2,223.22","","2.22%"
"08/07/2019","2,174.96","2,174.96","2,174.96","2,174.96","","1.59%"
"08/06/2019","2,140.82","2,140.82","2,140.82","2,140.82","","0.03%"
"08/05/2019","2,140.23","2,140.23","2,140.23","2,140.23","","-0.30%"
"08/04/2019","2,146.73","2,146.73","2,146.73","2,146.73","","0.52%"
"08/01/2019","2,135.69","2,135.69","2,135.69","2,135.69","","0.68%"
"07/31/2019","2,121.32","2,121.32","2,121.32","2,121.32","","-0.86%"
"07/30/2019","2,139.65","2,139.65","2,139.65","2,139.65","","-1.03%"
"07/29/2019","2,161.81","2,161.81","2,161.81","2,161.81","","-0.58%"
"07/28/2019","2,174.44","2,174.44","2,174.44","2,174.44","","-0.19%"
"07/25/2019","2,178.59","2,178.59","2,178.59","2,178.59","","-0.46%"
"07/24/2019","2,188.66","2,188.66","2,188.66","2,188.66","","-0.24%"
"07/22/2019","2,193.87","2,193.87","2,193.87","2,193.87","","0.62%"
"07/21/2019","2,180.37","2,180.37","2,180.37","2,180.37","","-0.35%"
"07/18/2019","2,188.07","2,188.07","2,188.07","2,188.07","","0.62%"
"07/17/2019","2,174.60","2,174.60","2,174.60","2,174.60","","-0.82%"
"07/16/2019","2,192.47","2,192.47","2,192.47","2,192.47","","0.54%"
"07/15/2019","2,180.60","2,180.60","2,180.60","2,180.60","","0.16%"
"07/14/2019","2,177.19","2,177.19","2,177.19","2,177.19","","-1.56%"
"07/11/2019","2,211.75","2,211.75","2,211.75","2,211.75","","-0.93%"
"07/10/2019","2,232.51","2,232.51","2,232.51","2,232.51","","-1.15%"
"07/09/2019","2,258.57","2,258.57","2,258.57","2,258.57","","0.15%"
"07/08/2019","2,255.15","2,255.15","2,255.15","2,255.15","","0.60%"
"07/07/2019","2,241.68","2,241.68","2,241.68","2,241.68","","-0.82%"
"07/04/2019","2,260.14","2,260.14","2,260.14","2,260.14","","-1.26%"
"07/03/2019","2,288.87","2,288.87","2,288.87","2,288.87","","0.07%"
"07/02/2019","2,287.33","2,287.33","2,287.33","2,287.33","","0.24%"
"06/27/2019","2,281.85","2,281.85","2,281.85","2,281.85","","0.95%"
"06/26/2019","2,260.35","2,260.35","2,260.35","2,260.35","","1.76%"
"06/25/2019","2,221.19","2,221.19","2,221.19","2,221.19","","-0.71%"
"06/24/2019","2,237.13","2,237.13","2,237.13","2,237.13","","-1.22%"
"06/23/2019","2,264.74","2,264.74","2,264.74","2,264.74","","-0.09%"
"06/20/2019","2,266.79","2,266.79","2,266.79","2,266.79","","-0.88%"
"06/19/2019","2,287.01","2,287.01","2,287.01","2,287.01","","-0.60%"
"06/18/2019","2,300.93","2,300.93","2,300.93","2,300.93","","-0.75%"
"06/17/2019","2,318.32","2,318.32","2,318.32","2,318.32","","-0.08%"
"06/16/2019","2,320.07","2,320.07","2,320.07","2,320.07","","0.38%"
"06/13/2019","2,311.24","2,311.24","2,311.24","2,311.24","","0.12%"
"06/12/2019","2,308.54","2,308.54","2,308.54","2,308.54","","-0.26%"
"06/11/2019","2,314.59","2,314.59","2,314.59","2,314.59","","-0.06%"
"06/10/2019","2,315.93","2,315.93","2,315.93","2,315.93","","1.68%"
"06/09/2019","2,277.66","2,277.66","2,277.66","2,277.66","","1.79%"
"06/03/2019","2,237.66","2,237.66","2,237.66","2,237.66","","0.71%"
"06/02/2019","2,221.89","2,221.89","2,221.89","2,221.89","","-0.68%"
"05/30/2019","2,237.18","2,237.18","2,237.18","2,237.18","","-1.60%"
"05/29/2019","2,273.51","2,273.51","2,273.51","2,273.51","","-0.42%"
"05/28/2019","2,283.04","2,283.04","2,283.04","2,283.04","","1.18%"
"05/27/2019","2,256.36","2,256.36","2,256.36","2,256.36","","-0.28%"
"05/26/2019","2,262.78","2,262.78","2,262.78","2,262.78","","1.63%"
"05/23/2019","2,226.51","2,226.51","2,226.51","2,226.51","","1.10%"
"05/22/2019","2,202.37","2,202.37","2,202.37","2,202.37","","0.55%"
"05/21/2019","2,190.33","2,190.33","2,190.33","2,190.33","","1.87%"
"05/20/2019","2,150.18","2,150.18","2,150.18","2,150.18","","-1.45%"
"05/19/2019","2,181.82","2,181.82","2,181.82","2,181.82","","-1.39%"
"05/16/2019","2,212.50","2,212.50","2,212.50","2,212.50","","-1.52%"
"05/15/2019","2,246.63","2,246.63","2,246.63","2,246.63","","-1.99%"
"05/14/2019","2,292.30","2,292.30","2,292.30","2,292.30","","0.23%"
"05/13/2019","2,286.93","2,286.93","2,286.93","2,286.93","","-1.02%"
"05/12/2019","2,310.53","2,310.53","2,310.53","2,310.53","","1.09%"
"05/09/2019","2,285.55","2,285.55","2,285.55","2,285.55","","-0.32%"
"05/08/2019","2,292.84","2,292.84","2,292.84","2,292.84","","-4.14%"
"05/07/2019","2,391.93","2,391.93","2,391.93","2,391.93","","-0.32%"
"05/06/2019","2,399.66","2,399.66","2,399.66","2,399.66","","-2.11%"
"05/05/2019","2,451.41","2,451.41","2,451.41","2,451.41","","-1.37%"
"05/02/2019","2,485.58","2,485.58","2,485.58","2,485.58","","0.28%"
"04/30/2019","2,478.53","2,478.53","2,478.53","2,478.53","","0.18%"
"04/24/2019","2,474.20","2,474.20","2,474.20","2,474.20","","0.09%"
"04/23/2019","2,472.03","2,472.03","2,472.03","2,472.03","","-0.93%"
"04/22/2019","2,495.35","2,495.35","2,495.35","2,495.35","","0.39%"
"04/21/2019","2,485.68","2,485.68","2,485.68","2,485.68","","-0.91%"
"04/18/2019","2,508.61","2,508.61","2,508.61","2,508.61","","-0.12%"
"04/17/2019","2,511.64","2,511.64","2,511.64","2,511.64","","-0.79%"
"04/16/2019","2,531.74","2,531.74","2,531.74","2,531.74","","-1.19%"
"04/15/2019","2,562.35","2,562.35","2,562.35","2,562.35","","-0.50%"
"04/14/2019","2,575.25","2,575.25","2,575.25","2,575.25","","-0.12%"
"04/11/2019","2,578.32","2,578.32","2,578.32","2,578.32","","0.11%"
"04/10/2019","2,575.52","2,575.52","2,575.52","2,575.52","","0.17%"
"04/09/2019","2,571.03","2,571.03","2,571.03","2,571.03","","-0.81%"
"04/08/2019","2,591.96","2,591.96","2,591.96","2,591.96","","-1.00%"
"04/07/2019","2,618.21","2,618.21","2,618.21","2,618.21","","-0.70%"
"04/04/2019","2,636.60","2,636.60","2,636.60","2,636.60","","-0.03%"
"04/03/2019","2,637.48","2,637.48","2,637.48","2,637.48","","-0.17%"
"04/02/2019","2,642.02","2,642.02","2,642.02","2,642.02","","0.68%"
"04/01/2019","2,624.20","2,624.20","2,624.20","2,624.20","","0.10%"
"03/31/2019","2,621.48","2,621.48","2,621.48","2,621.48","","0.07%"
"03/28/2019","2,619.77","2,619.77","2,619.77","2,619.77","","0.54%"
"03/27/2019","2,605.75","2,605.75","2,605.75","2,605.75","","-0.19%"
"03/26/2019","2,610.74","2,610.74","2,610.74","2,610.74","","-0.30%"
"03/25/2019","2,618.49","2,618.49","2,618.49","2,618.49","","-1.47%"
"03/24/2019","2,657.56","2,657.56","2,657.56","2,657.56","","0.21%"
"03/21/2019","2,651.87","2,651.87","2,651.87","2,651.87","","0.47%"
"03/20/2019","2,639.51","2,639.51","2,639.51","2,639.51","","-0.25%"
"03/19/2019","2,646.00","2,646.00","2,646.00","2,646.00","","-1.78%"
"03/18/2019","2,693.82","2,693.82","2,693.82","2,693.82","","-0.84%"
"03/17/2019","2,716.71","2,716.71","2,716.71","2,716.71","","0.16%"
"03/14/2019","2,712.29","2,712.29","2,712.29","2,712.29","","-0.84%"
"03/13/2019","2,735.17","2,735.17","2,735.17","2,735.17","","-0.11%"
"03/12/2019","2,738.09","2,738.09","2,738.09","2,738.09","","0.15%"
"03/11/2019","2,733.99","2,733.99","2,733.99","2,733.99","","0.26%"
"03/10/2019","2,726.82","2,726.82","2,726.82","2,726.82","","0.31%"
"03/07/2019","2,718.50","2,718.50","2,718.50","2,718.50","","0.81%"
"03/06/2019","2,696.63","2,696.63","2,696.63","2,696.63","","-0.34%"
"03/05/2019","2,705.92","2,705.92","2,705.92","2,705.92","","0.16%"
"03/04/2019","2,701.70","2,701.70","2,701.70","2,701.70","","-0.23%"
"03/03/2019","2,707.97","2,707.97","2,707.97","2,707.97","","-0.74%"
"02/28/2019","2,728.25","2,728.25","2,728.25","2,728.25","","-1.12%"
"02/27/2019","2,759.04","2,759.04","2,759.04","2,759.04","","-0.31%"
"02/26/2019","2,767.62","2,767.62","2,767.62","2,767.62","","0.46%"
"02/25/2019","2,754.99","2,754.99","2,754.99","2,754.99","","0.36%"
"02/24/2019","2,745.15","2,745.15","2,745.15","2,745.15","","-0.77%"
"02/21/2019","2,766.32","2,766.32","2,766.32","2,766.32","","-0.43%"
"02/20/2019","2,778.22","2,778.22","2,778.22","2,778.22","","1.07%"
"02/19/2019","2,748.93","2,748.93","2,748.93","2,748.93","","-0.02%"
"02/18/2019","2,749.42","2,749.42","2,749.42","2,749.42","","-0.03%"
"02/17/2019","2,750.25","2,750.25","2,750.25","2,750.25","","1.46%"
"02/14/2019","2,710.70","2,710.70","2,710.70","2,710.70","","0.38%"
"02/13/2019","2,700.55","2,700.55","2,700.55","2,700.55","","0.61%"
"02/12/2019","2,684.26","2,684.26","2,684.26","2,684.26","","0.62%"
"02/11/2019","2,667.83","2,667.83","2,667.83","2,667.83","","-0.02%"
"02/10/2019","2,668.40","2,668.40","2,668.40","2,668.40","","0.46%"
"02/07/2019","2,656.09","2,656.09","2,656.09","2,656.09","","0.71%"
"02/06/2019","2,637.24","2,637.24","2,637.24","2,637.24","","0.41%"
"02/05/2019","2,626.54","2,626.54","2,626.54","2,626.54","","1.08%"
"02/04/2019","2,598.56","2,598.56","2,598.56","2,598.56","","-0.10%"
"02/03/2019","2,601.19","2,601.19","2,601.19","2,601.19","","1.26%"
"01/31/2019","2,568.89","2,568.89","2,568.89","2,568.89","","0.61%"
"01/30/2019","2,553.42","2,553.42","2,553.42","2,553.42","","0.84%"
"01/29/2019","2,532.13","2,532.13","2,532.13","2,532.13","","0.52%"
"01/28/2019","2,519.01","2,519.01","2,519.01","2,519.01","","0.30%"
"01/27/2019","2,511.46","2,511.46","2,511.46","2,511.46","","1.86%"
"01/23/2019","2,465.71","2,465.71","2,465.71","2,465.71","","-0.25%"
"01/22/2019","2,471.95","2,471.95","2,471.95","2,471.95","","-0.73%"
"01/21/2019","2,490.06","2,490.06","2,490.06","2,490.06","","-0.14%"
"01/20/2019","2,493.53","2,493.53","2,493.53","2,493.53","","0.07%"
"01/17/2019","2,491.73","2,491.73","2,491.73","2,491.73","","-0.68%"
"01/16/2019","2,508.67","2,508.67","2,508.67","2,508.67","","-0.10%"
"01/15/2019","2,511.21","2,511.21","2,511.21","2,511.21","","0.61%"
"01/14/2019","2,496.04","2,496.04","2,496.04","2,496.04","","-1.02%"
"01/13/2019","2,521.86","2,521.86","2,521.86","2,521.86","","0.71%"
"01/10/2019","2,504.11","2,504.11","2,504.11","2,504.11","","0.17%"
"01/09/2019","2,499.78","2,499.78","2,499.78","2,499.78","","-0.27%"
"01/08/2019","2,506.44","2,506.44","2,506.44","2,506.44","","0.70%"
"01/06/2019","2,488.93","2,488.93","2,488.93","2,488.93","","0.92%"
"01/03/2019","2,466.16","2,466.16","2,466.16","2,466.16","","0.45%"
"01/02/2019","2,455.02","2,455.02","2,455.02","2,455.02","","1.16%"
"12/31/2018","2,426.87","2,426.87","2,426.87","2,426.87","","1.05%"
"12/30/2018","2,401.59","2,401.59","2,401.59","2,401.59","","0.27%"
"12/27/2018","2,395.19","2,395.19","2,395.19","2,395.19","","0.89%"
"12/26/2018","2,374.15","2,374.15","2,374.15","2,374.15","","1.45%"
"12/25/2018","2,340.16","2,340.16","2,340.16","2,340.16","","-0.24%"
"12/24/2018","2,345.85","2,345.85","2,345.85","2,345.85","","-1.03%"
"12/23/2018","2,370.23","2,370.23","2,370.23","2,370.23","","-1.06%"
"12/20/2018","2,395.54","2,395.54","2,395.54","2,395.54","","-0.65%"
"12/19/2018","2,411.28","2,411.28","2,411.28","2,411.28","","-0.05%"
"12/18/2018","2,412.50","2,412.50","2,412.50","2,412.50","","-0.39%"
"12/17/2018","2,422.01","2,422.01","2,422.01","2,422.01","","0.91%"
"12/16/2018","2,400.27","2,400.27","2,400.27","2,400.27","","-0.08%"
"12/13/2018","2,402.09","2,402.09","2,402.09","2,402.09","","1.02%"
"12/12/2018","2,377.72","2,377.72","2,377.72","2,377.72","","1.47%"
"12/11/2018","2,343.38","2,343.38","2,343.38","2,343.38","","1.34%"
"12/10/2018","2,312.32","2,312.32","2,312.32","2,312.32","","2.49%"
"12/09/2018","2,256.04","2,256.04","2,256.04","2,256.04","","-2.01%"
"12/06/2018","2,302.34","2,302.34","2,302.34","2,302.34","","-0.53%"
"12/05/2018","2,314.65","2,314.65","2,314.65","2,314.65","","-0.84%"
"12/04/2018","2,334.33","2,334.33","2,334.33","2,334.33","","-2.58%"
"12/03/2018","2,396.24","2,396.24","2,396.24","2,396.24","","-1.71%"
"12/02/2018","2,437.87","2,437.87","2,437.87","2,437.87","","-0.83%"
"11/29/2018","2,458.25","2,458.25","2,458.25","2,458.25","","-0.58%"
"11/28/2018","2,472.63","2,472.63","2,472.63","2,472.63","","0.40%"
"11/27/2018","2,462.71","2,462.71","2,462.71","2,462.71","","1.35%"
"11/26/2018","2,429.80","2,429.80","2,429.80","2,429.80","","-0.26%"
"11/25/2018","2,436.05","2,436.05","2,436.05","2,436.05","","-2.29%"
"11/22/2018","2,493.26","2,493.26","2,493.26","2,493.26","","0.08%"
"11/21/2018","2,491.28","2,491.28","2,491.28","2,491.28","","0.20%"
"11/19/2018","2,486.23","2,486.23","2,486.23","2,486.23","","0.47%"
"11/18/2018","2,474.49","2,474.49","2,474.49","2,474.49","","1.76%"
"11/15/2018","2,431.78","2,431.78","2,431.78","2,431.78","","0.67%"
"11/14/2018","2,415.64","2,415.64","2,415.64","2,415.64","","-0.59%"
"11/13/2018","2,430.04","2,430.04","2,430.04","2,430.04","","-0.99%"
"11/12/2018","2,454.27","2,454.27","2,454.27","2,454.27","","0.44%"
"11/11/2018","2,443.52","2,443.52","2,443.52","2,443.52","","-0.40%"
"11/08/2018","2,453.30","2,453.30","2,453.30","2,453.30","","0.31%"
"11/07/2018","2,445.82","2,445.82","2,445.82","2,445.82","","1.00%"
"11/06/2018","2,421.64","2,421.64","2,421.64","2,421.64","","2.14%"
"11/05/2018","2,370.79","2,370.79","2,370.79","2,370.79","","1.17%"
"11/04/2018","2,343.45","2,343.45","2,343.45","2,343.45","","0.43%"
"11/01/2018","2,333.41","2,333.41","2,333.41","2,333.41","","0.20%"
"10/31/2018","2,328.76","2,328.76","2,328.76","2,328.76","","0.83%"
"10/30/2018","2,309.58","2,309.58","2,309.58","2,309.58","","1.45%"
"10/29/2018","2,276.55","2,276.55","2,276.55","2,276.55","","1.52%"
"10/28/2018","2,242.48","2,242.48","2,242.48","2,242.48","","0.52%"
"10/25/2018","2,230.97","2,230.97","2,230.97","2,230.97","","-1.73%"
"10/24/2018","2,270.32","2,270.32","2,270.32","2,270.32","","-1.80%"
"10/23/2018","2,312.01","2,312.01","2,312.01","2,312.01","","-0.18%"
"10/22/2018","2,316.19","2,316.19","2,316.19","2,316.19","","0.58%"
"10/21/2018","2,302.72","2,302.72","2,302.72","2,302.72","","-0.50%"
"10/18/2018","2,314.21","2,314.21","2,314.21","2,314.21","","-0.97%"
"10/17/2018","2,336.95","2,336.95","2,336.95","2,336.95","","0.93%"
"10/16/2018","2,315.38","2,315.38","2,315.38","2,315.38","","1.68%"
"10/15/2018","2,277.20","2,277.20","2,277.20","2,277.20","","-0.75%"
"10/14/2018","2,294.31","2,294.31","2,294.31","2,294.31","","2.62%"
"10/11/2018","2,235.84","2,235.84","2,235.84","2,235.84","","-1.87%"
"10/10/2018","2,278.56","2,278.56","2,278.56","2,278.56","","0.80%"
"10/09/2018","2,260.58","2,260.58","2,260.58","2,260.58","","-0.97%"
"10/08/2018","2,282.81","2,282.81","2,282.81","2,282.81","","-3.69%"
"10/04/2018","2,370.28","2,370.28","2,370.28","2,370.28","","-1.69%"
"10/03/2018","2,411.03","2,411.03","2,411.03","2,411.03","","0.35%"
"10/02/2018","2,402.67","2,402.67","2,402.67","2,402.67","","0.50%"
"10/01/2018","2,390.63","2,390.63","2,390.63","2,390.63","","-1.60%"
"09/30/2018","2,429.52","2,429.52","2,429.52","2,429.52","","0.31%"
"09/27/2018","2,422.04","2,422.04","2,422.04","2,422.04","","-0.18%"
"09/26/2018","2,426.36","2,426.36","2,426.36","2,426.36","","1.54%"
"09/25/2018","2,389.60","2,389.60","2,389.60","2,389.60","","1.57%"
"09/24/2018","2,352.61","2,352.61","2,352.61","2,352.61","","0.39%"
"09/23/2018","2,343.42","2,343.42","2,343.42","2,343.42","","1.46%"
"09/20/2018","2,309.64","2,309.64","2,309.64","2,309.64","","-2.91%"
"09/19/2018","2,378.90","2,378.90","2,378.90","2,378.90","","-5.94%"
"09/18/2018","2,529.11","2,529.11","2,529.11","2,529.11","","-0.65%"
"09/17/2018","2,545.65","2,545.65","2,545.65","2,545.65","","-1.50%"
"09/16/2018","2,584.39","2,584.39","2,584.39","2,584.39","","-3.93%"
"09/13/2018","2,690.14","2,690.14","2,690.14","2,690.14","","-1.45%"
"09/12/2018","2,729.66","2,729.66","2,729.66","2,729.66","","-1.38%"
"09/10/2018","2,767.88","2,767.88","2,767.88","2,767.88","","-1.22%"
"09/09/2018","2,802.18","2,802.18","2,802.18","2,802.18","","0.02%"
"09/06/2018","2,801.60","2,801.60","2,801.60","2,801.60","","0.71%"
"09/05/2018","2,781.87","2,781.87","2,781.87","2,781.87","","-1.30%"
"09/04/2018","2,818.42","2,818.42","2,818.42","2,818.42","","0.78%"
"09/03/2018","2,796.67","2,796.67","2,796.67","2,796.67","","-0.14%"
"09/02/2018","2,800.59","2,800.59","2,800.59","2,800.59","","-0.63%"
"08/30/2018","2,818.40","2,818.40","2,818.40","2,818.40","","0.52%"
"08/29/2018","2,803.92","2,803.92","2,803.92","2,803.92","","0.72%"
"08/28/2018","2,783.77","2,783.77","2,783.77","2,783.77","","1.64%"
"08/27/2018","2,738.75","2,738.75","2,738.75","2,738.75","","0.19%"
"08/26/2018","2,733.59","2,733.59","2,733.59","2,733.59","","0.58%"
"08/19/2018","2,717.80","2,717.80","2,717.80","2,717.80","","-0.24%"
"08/16/2018","2,724.37","2,724.37","2,724.37","2,724.37","","0.00%"
"08/15/2018","2,724.41","2,724.41","2,724.41","2,724.41","","-0.25%"
"08/14/2018","2,731.35","2,731.35","2,731.35","2,731.35","","-0.93%"
"08/13/2018","2,757.05","2,757.05","2,757.05","2,757.05","","-2.17%"
"08/12/2018","2,818.12","2,818.12","2,818.12","2,818.12","","-1.20%"
"08/09/2018","2,852.27","2,852.27","2,852.27","2,852.27","","0.61%"
"08/08/2018","2,834.86","2,834.86","2,834.86","2,834.86","","1.17%"
"08/07/2018","2,802.03","2,802.03","2,802.03","2,802.03","","1.28%"
"08/06/2018","2,766.67","2,766.67","2,766.67","2,766.67","","-0.46%"
"08/05/2018","2,779.44","2,779.44","2,779.44","2,779.44","","-0.25%"
"08/02/2018","2,786.51","2,786.51","2,786.51","2,786.51","","0.16%"
"08/01/2018","2,782.05","2,782.05","2,782.05","2,782.05","","0.86%"
"07/31/2018","2,758.38","2,758.38","2,758.38","2,758.38","","0.84%"
"07/30/2018","2,735.29","2,735.29","2,735.29","2,735.29","","-1.07%"